199,192,192,196,193,193,190,188,179,179,187,189,189,189,181,184,184,184,182,183,183,190,191,191,191,191,190,190,189,185,183,183,179,176,176,172,171,183,183,189,191,189,189,190,188,188,183,187,192,192,191,190,190,187,188,179,179,185,188,186,186,194,190,190,185,175,186,186,183,181,179,179,176,174,174,171,168,166,166,167,167,167,168,166,162,162,172,178,182,182,184,187,187,189,189,187,187,186,187,186,186,184,177,177,160,164,167,167,170,177,177,171,177,175,175,163,161,167,167,166,160,160,155,155,147,147,142,142,142,143,147,149,149,144,142,150,150,160,158,158,154,130,122,122,129,138,139,139,137,137,137,137
196,202,202,197,189,189,190,177,182,182,183,188,189,189,185,181,181,178,183,184,184,189,191,191,191,190,191,191,191,187,186,186,179,174,174,173,175,177,177,183,187,189,189,190,188,188,186,190,192,192,192,192,192,190,187,182,182,183,184,191,191,192,193,193,188,184,184,184,180,178,168,168,171,163,163,163,166,165,165,167,168,168,168,173,175,175,178,180,184,184,185,188,188,189,188,187,187,186,185,184,184,178,166,166,161,161,163,163,171,175,175,172,174,172,172,169,159,161,161,162,159,159,153,149,148,148,144,142,142,142,144,146,146,143,144,145,145,161,166,166,147,142,137,137,126,135,138,138,139,137,137,138
196,202,202,197,189,189,190,177,182,182,183,188,189,189,185,181,181,178,183,184,184,189,191,191,191,190,191,191,191,187,186,186,179,174,174,173,175,177,177,183,187,189,189,190,188,188,186,190,192,192,192,192,192,190,187,182,182,183,184,191,191,192,193,193,188,184,184,184,180,178,168,168,171,163,163,163,166,165,165,167,168,168,168,173,175,175,178,180,184,184,185,188,188,189,188,187,187,186,185,184,184,178,166,166,161,161,163,163,171,175,175,172,174,172,172,169,159,161,161,162,159,159,153,149,148,148,144,142,142,142,144,146,146,143,144,145,145,161,166,166,147,142,137,137,126,135,138,138,139,137,137,138
186,187,187,200,187,187,186,182,182,182,179,188,189,189,187,186,186,184,180,178,178,185,190,191,191,191,191,191,190,190,190,190,186,180,180,177,180,181,181,183,184,184,184,188,189,189,188,192,191,191,192,190,190,187,187,186,186,188,191,191,191,188,187,187,187,184,180,180,175,175,174,174,171,170,170,166,163,165,165,168,170,170,175,178,180,180,181,182,185,185,185,188,188,188,187,185,185,183,183,180,180,170,168,168,166,163,167,167,170,172,172,172,167,164,164,161,159,156,156,153,151,151,150,149,147,147,145,143,143,142,143,145,145,145,145,148,148,151,158,158,164,156,147,147,131,136,136,136,137,138,138,141
193,185,185,185,193,193,190,190,184,184,187,188,187,187,182,185,185,182,178,179,179,182,189,193,193,183,190,190,190,188,186,186,188,185,185,183,185,185,185,184,184,183,183,177,181,181,186,186,192,192,191,184,184,186,188,186,186,189,189,189,189,185,183,183,181,183,177,177,176,171,175,175,172,164,164,162,163,165,165,166,170,170,175,176,178,178,178,178,182,182,186,188,188,187,185,184,184,180,180,174,174,169,166,166,167,165,169,169,169,177,177,164,165,166,166,160,156,155,155,155,153,153,150,146,144,144,144,142,142,142,142,144,144,145,145,149,149,149,156,156,164,148,139,139,128,127,133,133,136,137,137,141
193,185,185,185,193,193,190,190,184,184,187,188,187,187,182,185,185,182,178,179,179,182,189,193,193,183,190,190,190,188,186,186,188,185,185,183,185,185,185,184,184,183,183,177,181,181,186,186,192,192,191,184,184,186,188,186,186,189,189,189,189,185,183,183,181,183,177,177,176,171,175,175,172,164,164,162,163,165,165,166,170,170,175,176,178,178,178,178,182,182,186,188,188,187,185,184,184,180,180,174,174,169,166,166,167,165,169,169,169,177,177,164,165,166,166,160,156,155,155,155,153,153,150,146,144,144,144,142,142,142,142,144,144,145,145,149,149,149,156,156,164,148,139,139,128,127,133,133,136,137,137,141
185,185,185,188,191,191,188,188,187,187,188,186,186,186,186,184,184,182,181,183,183,188,191,194,194,187,187,187,184,188,184,184,183,184,184,186,186,183,183,181,178,177,177,181,179,179,181,182,185,185,190,182,182,186,185,188,188,186,187,186,186,182,178,178,174,172,174,174,177,168,173,173,170,161,161,161,162,163,163,164,169,169,174,175,174,174,175,178,181,181,186,187,187,182,184,181,181,177,173,169,169,166,163,163,166,168,170,170,171,171,171,166,171,168,168,164,162,156,156,153,150,150,148,145,143,143,142,141,141,141,142,141,141,143,144,149,149,148,164,164,161,147,145,145,128,126,132,132,136,137,137,142
177,188,188,184,187,187,184,188,188,188,188,185,185,185,189,187,187,187,183,184,184,187,197,190,190,190,187,187,189,185,185,185,180,177,177,186,182,178,178,171,178,176,176,176,175,175,177,180,186,186,181,181,181,184,185,186,186,186,187,186,186,182,180,180,174,172,172,172,174,165,165,165,161,159,159,159,159,160,160,166,170,170,174,176,175,175,173,179,184,184,186,185,185,181,180,179,179,173,168,169,169,167,161,161,164,167,162,162,163,171,171,173,165,167,167,166,164,159,159,154,148,148,146,144,144,144,143,142,142,143,143,141,141,142,145,146,146,145,163,163,161,152,147,147,139,133,132,132,137,140,140,141
191,189,189,183,185,185,179,187,187,187,188,182,184,184,189,187,187,185,180,181,181,189,199,187,187,183,186,186,189,188,182,182,181,177,177,185,185,183,183,179,178,174,174,173,176,176,175,179,178,178,178,177,177,180,182,185,185,186,186,183,183,181,177,177,176,172,169,169,168,168,159,159,158,159,159,157,157,160,160,164,170,170,176,179,176,176,177,182,186,186,185,182,182,182,174,173,173,169,165,165,165,164,161,161,161,163,163,163,161,162,162,165,170,167,167,167,163,159,159,157,153,153,149,147,148,148,147,146,146,145,144,141,141,141,142,144,144,148,156,156,161,149,135,135,134,135,136,136,132,137,137,140
191,189,189,183,185,185,179,187,187,187,188,182,184,184,189,187,187,185,180,181,181,189,199,187,187,183,186,186,189,188,182,182,181,177,177,185,185,183,183,179,178,174,174,173,176,176,175,179,178,178,178,177,177,180,182,185,185,186,186,183,183,181,177,177,176,172,169,169,168,168,159,159,158,159,159,157,157,160,160,164,170,170,176,179,176,176,177,182,186,186,185,182,182,182,174,173,173,169,165,165,165,164,161,161,161,163,163,163,161,162,162,165,170,167,167,167,163,159,159,157,153,153,149,147,148,148,147,146,146,145,144,141,141,141,142,144,144,148,156,156,161,149,135,135,134,135,136,136,132,137,137,140
184,184,184,183,183,183,183,185,184,184,185,185,181,181,193,182,182,184,186,186,186,182,201,186,186,180,179,179,183,187,181,181,182,182,182,183,179,180,180,182,175,178,178,174,172,172,173,179,176,176,176,178,178,180,183,184,184,185,183,183,183,180,177,177,175,169,165,165,160,157,156,156,157,156,156,157,157,160,160,165,165,165,167,177,181,181,181,184,186,186,183,179,179,175,163,155,155,161,158,158,158,158,156,156,156,159,156,156,156,158,158,159,167,162,162,162,165,160,160,153,156,156,149,150,146,146,144,145,145,145,145,143,143,142,143,146,146,153,151,151,149,161,130,130,132,138,138,138,135,137,137,139
181,177,177,176,177,177,174,182,183,183,186,190,193,193,192,182,182,187,198,182,182,186,181,186,186,178,184,184,184,183,182,182,182,182,182,180,179,180,180,180,180,179,179,169,172,172,176,173,175,175,174,176,176,179,180,182,182,184,180,181,181,179,176,176,174,166,158,158,155,155,155,155,156,156,156,157,158,161,161,160,166,166,171,174,180,180,183,184,185,185,181,173,173,169,168,162,162,157,156,155,155,152,153,153,155,154,153,153,153,160,160,163,164,166,166,159,155,155,155,160,155,155,150,147,144,144,140,143,143,144,144,142,142,143,144,149,149,142,143,143,144,159,134,134,132,135,144,144,138,139,139,142
176,176,176,171,176,176,181,183,184,184,182,188,189,189,198,201,201,200,209,179,179,177,180,186,186,184,177,177,179,176,181,181,179,178,178,176,177,178,178,176,175,169,169,170,172,172,174,174,174,174,175,178,178,179,181,182,182,182,178,179,179,179,178,178,176,167,158,158,155,154,155,155,155,156,156,159,161,165,165,166,172,172,175,176,181,181,183,184,185,185,178,172,172,169,163,164,164,158,156,154,154,153,153,153,153,151,151,151,154,154,154,157,162,161,161,161,152,153,153,151,151,151,148,144,141,141,138,140,140,145,143,142,142,141,142,145,145,139,143,143,161,139,134,134,133,142,150,150,147,141,141,149
176,176,176,171,176,176,181,183,184,184,182,188,189,189,198,201,201,200,209,179,179,177,180,186,186,184,177,177,179,176,181,181,179,178,178,176,177,178,178,176,175,169,169,170,172,172,174,174,174,174,175,178,178,179,181,182,182,182,178,179,179,179,178,178,176,167,158,158,155,154,155,155,155,156,156,159,161,165,165,166,172,172,175,176,181,181,183,184,185,185,178,172,172,169,163,164,164,158,156,154,154,153,153,153,153,151,151,151,154,154,154,157,162,161,161,161,152,153,153,151,151,151,148,144,141,141,138,140,140,145,143,142,142,141,142,145,145,139,143,143,161,139,134,134,133,142,150,150,147,141,141,149
189,183,183,183,166,166,180,184,186,186,189,192,182,182,185,192,192,194,214,195,195,190,174,178,178,179,171,171,173,165,171,171,176,174,174,175,175,175,175,175,174,166,166,168,171,171,172,173,176,176,176,176,176,178,180,182,182,177,176,177,177,178,178,178,178,169,160,160,156,155,154,154,155,156,156,159,163,164,164,169,173,173,177,179,181,181,183,184,182,182,182,178,178,170,160,160,160,159,156,154,154,153,152,152,151,148,148,148,151,150,150,156,160,154,154,156,152,148,148,147,147,147,149,142,140,140,135,135,135,139,141,142,142,142,143,143,143,141,147,147,160,135,142,142,157,157,156,156,150,147,147,153
187,187,187,190,189,189,182,184,187,187,189,188,187,187,189,187,187,187,202,202,202,185,176,165,165,170,160,160,159,161,167,167,167,169,169,170,173,172,172,172,169,165,165,163,170,170,173,170,166,166,177,175,175,170,177,179,179,179,174,173,173,175,177,177,176,173,171,171,162,158,158,158,160,161,161,161,164,164,164,171,174,174,176,180,181,181,183,183,184,184,182,178,178,173,163,157,157,157,155,154,154,153,152,152,151,146,145,145,148,149,149,153,158,156,156,152,147,144,144,143,144,144,144,141,140,140,136,132,132,136,138,141,141,143,143,142,142,138,147,147,160,158,159,159,149,146,151,151,154,153,153,152
187,187,187,190,189,189,182,184,187,187,189,188,187,187,189,187,187,187,202,202,202,185,176,165,165,170,160,160,159,161,167,167,167,169,169,170,173,172,172,172,169,165,165,163,170,170,173,170,166,166,177,175,175,170,177,179,179,179,174,173,173,175,177,177,176,173,171,171,162,158,158,158,160,161,161,161,164,164,164,171,174,174,176,180,181,181,183,183,184,184,182,178,178,173,163,157,157,157,155,154,154,153,152,152,151,146,145,145,148,149,149,153,158,156,156,152,147,144,144,143,144,144,144,141,140,140,136,132,132,136,138,141,141,143,143,142,142,138,147,147,160,158,159,159,149,146,151,151,154,153,153,152
185,187,187,182,187,187,182,185,189,189,188,188,185,185,190,186,186,188,209,209,209,164,162,162,162,155,157,157,157,155,162,162,164,163,163,166,166,162,162,162,167,163,163,161,168,168,168,171,169,169,166,170,170,168,171,176,176,178,174,172,172,174,175,175,171,170,170,170,168,165,163,163,164,162,162,160,161,163,163,166,171,171,175,180,181,181,182,183,184,184,182,174,174,167,162,158,158,155,154,155,155,156,155,155,151,148,144,144,146,149,149,152,154,157,157,150,146,140,140,139,140,140,142,139,135,135,131,128,128,134,137,139,139,142,143,143,143,152,145,145,148,150,156,156,154,147,145,145,145,151,151,147
179,179,179,181,182,182,183,180,182,182,181,182,187,187,188,189,189,191,204,221,221,173,158,156,156,151,150,150,150,150,150,150,151,154,154,159,160,158,158,146,159,163,163,162,166,166,168,166,166,166,169,170,170,168,173,173,173,172,172,171,171,172,173,173,172,170,168,168,166,166,166,166,167,163,163,160,161,167,167,171,174,174,178,181,181,181,177,184,184,184,183,177,177,169,169,161,161,157,159,160,160,164,156,156,156,150,145,145,146,148,148,151,153,154,154,150,147,139,139,136,139,139,137,134,132,132,127,123,123,128,132,137,137,139,143,146,146,142,139,139,143,145,148,148,148,145,144,144,143,146,146,148
194,171,171,183,176,176,183,193,188,188,184,194,185,185,184,188,188,192,191,224,224,196,180,153,153,150,149,149,147,143,144,144,143,146,146,152,159,163,163,162,160,163,163,168,164,164,166,167,166,166,164,168,168,166,166,167,167,169,170,169,169,169,170,170,171,169,168,168,167,166,167,167,172,166,166,162,164,169,169,175,179,179,181,183,183,183,184,187,184,184,183,176,176,179,167,161,161,161,166,169,169,158,154,154,154,153,149,149,145,146,146,149,151,149,149,148,141,137,137,137,136,136,135,133,132,132,127,128,128,130,129,136,136,140,142,145,145,141,139,139,143,143,146,146,154,144,143,143,140,143,143,144
194,171,171,183,176,176,183,193,188,188,184,194,185,185,184,188,188,192,191,224,224,196,180,153,153,150,149,149,147,143,144,144,143,146,146,152,159,163,163,162,160,163,163,168,164,164,166,167,166,166,164,168,168,166,166,167,167,169,170,169,169,169,170,170,171,169,168,168,167,166,167,167,172,166,166,162,164,169,169,175,179,179,181,183,183,183,184,187,184,184,183,176,176,179,167,161,161,161,166,169,169,158,154,154,154,153,149,149,145,146,146,149,151,149,149,148,141,137,137,137,136,136,135,133,132,132,127,128,128,130,129,136,136,140,142,145,145,141,139,139,143,143,146,146,154,144,143,143,140,143,143,144
183,175,175,183,200,200,195,200,196,196,205,202,194,194,185,183,183,176,176,203,203,188,158,152,152,150,148,148,144,145,140,140,143,148,148,148,153,162,162,172,162,176,176,163,164,164,167,167,166,166,168,165,165,166,165,165,165,171,168,169,169,169,170,170,168,168,167,167,167,166,167,167,171,175,175,163,165,174,174,177,180,180,182,183,186,186,188,207,208,208,207,191,191,188,173,165,165,167,172,161,161,157,154,154,152,151,151,151,147,147,147,148,148,147,147,144,138,133,133,133,133,133,132,132,134,134,133,132,132,132,133,137,137,139,141,143,143,143,140,140,140,141,146,146,153,144,143,143,141,142,142,143
216,184,184,208,213,213,205,199,208,208,199,186,182,182,178,172,172,169,176,201,201,216,157,154,154,157,147,147,144,146,143,143,143,146,146,154,167,166,166,167,162,165,165,188,164,164,167,167,167,167,169,174,174,176,170,168,168,170,172,169,169,168,170,170,169,169,167,167,169,168,168,168,175,180,180,173,169,173,173,177,176,176,179,182,183,183,205,213,187,187,176,176,176,177,193,184,184,168,162,156,156,153,154,154,154,153,152,152,150,145,145,144,144,143,143,139,136,132,132,129,123,123,126,129,133,133,134,134,134,133,135,138,138,140,142,142,142,142,143,143,141,141,142,142,144,145,144,144,143,142,142,142
216,184,184,208,213,213,205,199,208,208,199,186,182,182,178,172,172,169,176,201,201,216,157,154,154,157,147,147,144,146,143,143,143,146,146,154,167,166,166,167,162,165,165,188,164,164,167,167,167,167,169,174,174,176,170,168,168,170,172,169,169,168,170,170,169,169,167,167,169,168,168,168,175,180,180,173,169,173,173,177,176,176,179,182,183,183,205,213,187,187,176,176,176,177,193,184,184,168,162,156,156,153,154,154,154,153,152,152,150,145,145,144,144,143,143,139,136,132,132,129,123,123,126,129,133,133,134,134,134,133,135,138,138,140,142,142,142,142,143,143,141,141,142,142,144,145,144,144,143,142,142,142
239,229,229,212,197,197,182,198,216,216,202,178,171,171,190,185,185,177,203,205,205,232,178,159,159,149,145,145,146,144,149,149,154,148,148,145,149,164,164,197,164,166,166,192,171,171,172,173,172,172,180,180,180,175,171,168,168,175,179,170,170,171,173,173,171,172,172,172,172,174,172,172,179,184,184,167,171,171,171,171,175,175,176,177,183,183,185,210,189,189,172,164,164,166,195,193,193,166,157,157,157,153,152,152,154,157,151,151,150,145,145,141,142,140,140,136,131,127,127,123,116,116,117,121,129,129,132,134,134,138,139,139,139,142,142,142,142,141,141,141,141,140,140,140,142,145,146,146,143,141,141,135
250,248,248,246,229,229,226,224,229,229,231,226,222,222,219,218,218,217,219,221,221,223,207,192,192,176,168,168,183,189,166,166,152,150,150,143,149,194,194,202,202,203,203,202,202,202,198,179,180,180,185,184,184,178,176,171,171,174,179,178,178,177,180,180,173,169,171,171,167,180,186,186,188,178,178,164,168,167,167,166,171,171,172,178,182,182,184,216,198,198,174,164,164,168,168,171,171,185,169,152,152,152,164,164,152,149,147,147,148,145,145,142,138,135,135,130,129,129,129,125,118,118,117,122,129,129,133,136,136,138,140,141,141,141,142,142,142,140,140,140,141,140,142,142,143,144,145,145,146,142,142,137
251,251,251,251,251,251,250,250,242,242,238,238,238,238,236,235,235,232,231,230,230,230,232,234,234,227,223,223,217,211,204,204,175,167,167,179,209,213,213,210,212,215,215,213,210,210,198,182,181,181,186,189,189,179,179,179,179,177,182,189,189,176,172,172,174,182,186,186,190,188,193,193,193,193,193,184,174,171,171,166,160,160,171,172,183,183,186,209,213,213,177,167,167,167,160,160,160,170,186,157,157,164,153,153,149,148,145,145,146,147,147,144,140,135,135,132,129,128,128,126,124,124,126,131,132,132,133,136,136,138,141,141,141,142,142,141,141,141,141,141,140,140,142,142,142,143,143,143,143,143,143,140
251,251,251,251,251,251,250,250,242,242,238,238,238,238,236,235,235,232,231,230,230,230,232,234,234,227,223,223,217,211,204,204,175,167,167,179,209,213,213,210,212,215,215,213,210,210,198,182,181,181,186,189,189,179,179,179,179,177,182,189,189,176,172,172,174,182,186,186,190,188,193,193,193,193,193,184,174,171,171,166,160,160,171,172,183,183,186,209,213,213,177,167,167,167,160,160,160,170,186,157,157,164,153,153,149,148,145,145,146,147,147,144,140,135,135,132,129,128,128,126,124,124,126,131,132,132,133,136,136,138,141,141,141,142,142,141,141,141,141,141,140,140,142,142,142,143,143,143,143,143,143,140
251,249,249,251,251,251,250,250,249,249,243,245,245,245,243,241,241,239,238,236,236,235,236,242,242,234,232,232,228,222,221,221,219,220,220,224,223,221,221,219,221,219,219,220,218,218,215,207,189,189,192,199,199,182,177,173,173,177,183,193,193,178,176,176,196,197,201,201,197,193,195,195,195,196,196,192,184,178,178,170,168,168,168,168,181,181,188,219,204,204,179,169,169,163,159,156,156,157,167,182,182,161,150,150,150,151,149,149,146,145,145,146,143,141,141,137,132,126,126,125,126,126,128,132,137,137,137,139,139,141,143,144,144,143,142,140,140,140,140,140,140,141,141,141,141,140,140,140,141,143,143,140
251,250,250,250,250,250,250,250,251,251,249,248,247,247,246,244,244,243,241,239,239,238,238,243,243,239,236,236,235,232,230,230,230,229,229,230,227,227,227,225,226,225,225,225,223,223,220,216,210,210,210,196,196,175,178,184,184,189,199,200,200,203,204,204,202,202,203,203,201,199,194,194,199,198,198,196,190,185,185,174,167,167,168,168,175,175,190,217,211,211,176,179,179,167,156,153,153,154,164,170,170,177,151,151,151,152,152,152,149,146,146,145,145,143,143,139,136,131,131,127,129,129,132,138,139,139,140,142,142,143,145,143,143,142,141,141,141,140,139,139,140,141,139,139,138,136,135,135,139,141,141,131
250,250,250,251,251,251,251,251,249,249,250,250,249,249,248,246,246,246,244,241,241,241,240,244,244,241,242,242,240,238,237,237,235,234,234,233,232,231,231,230,230,229,229,228,227,227,224,221,219,219,216,210,210,206,202,199,199,206,208,207,207,219,223,223,221,214,200,200,199,202,199,199,199,199,199,197,195,190,190,182,172,172,171,179,188,188,184,219,186,186,181,175,175,163,154,150,150,153,151,154,154,165,161,161,155,155,159,159,154,149,149,151,147,144,144,143,141,137,137,133,131,131,131,140,144,144,141,144,144,144,146,141,141,141,140,139,139,138,137,137,139,139,138,138,136,135,136,136,139,138,138,125
250,250,250,251,251,251,251,251,249,249,250,250,249,249,248,246,246,246,244,241,241,241,240,244,244,241,242,242,240,238,237,237,235,234,234,233,232,231,231,230,230,229,229,228,227,227,224,221,219,219,216,210,210,206,202,199,199,206,208,207,207,219,223,223,221,214,200,200,199,202,199,199,199,199,199,197,195,190,190,182,172,172,171,179,188,188,184,219,186,186,181,175,175,163,154,150,150,153,151,154,154,165,161,161,155,155,159,159,154,149,149,151,147,144,144,143,141,137,137,133,131,131,131,140,144,144,141,144,144,144,146,141,141,141,140,139,139,138,137,137,139,139,138,138,136,135,136,136,139,138,138,125
251,250,250,250,250,250,250,250,250,250,250,249,249,249,249,249,249,249,250,250,250,249,247,247,247,246,245,245,244,242,241,241,240,238,238,236,236,234,234,234,233,232,232,232,229,229,225,225,223,223,221,216,216,215,212,208,208,214,214,214,214,221,231,231,224,229,200,200,205,204,201,201,204,201,201,199,198,197,197,193,197,197,186,195,222,222,227,217,184,184,174,169,169,167,150,144,144,146,147,151,151,168,178,178,172,163,153,153,154,153,153,154,151,151,151,145,142,139,139,138,138,138,140,144,145,145,144,146,146,145,144,137,137,136,136,136,136,134,135,135,135,135,137,137,135,135,135,135,137,139,139,126
252,251,251,250,250,250,250,253,251,251,254,252,250,250,248,249,249,251,250,250,250,249,248,246,246,248,247,247,247,248,245,245,243,241,241,239,239,238,238,237,236,236,236,234,231,231,230,229,224,224,223,221,221,220,219,218,218,214,214,214,214,212,209,209,210,206,203,203,202,207,204,204,206,203,203,196,201,200,200,200,200,200,196,230,230,230,198,190,185,185,178,168,168,160,152,143,143,141,146,152,152,151,150,150,158,175,158,158,155,156,156,168,168,152,152,146,154,146,146,144,147,147,148,151,147,147,146,146,146,148,145,142,142,138,134,132,132,130,129,129,130,131,132,132,133,133,134,134,136,137,137,134
252,251,251,250,250,250,250,253,251,251,254,252,250,250,248,249,249,251,250,250,250,249,248,246,246,248,247,247,247,248,245,245,243,241,241,239,239,238,238,237,236,236,236,234,231,231,230,229,224,224,223,221,221,220,219,218,218,214,214,214,214,212,209,209,210,206,203,203,202,207,204,204,206,203,203,196,201,200,200,200,200,200,196,230,230,230,198,190,185,185,178,168,168,160,152,143,143,141,146,152,152,151,150,150,158,175,158,158,155,156,156,168,168,152,152,146,154,146,146,144,147,147,148,151,147,147,146,146,146,148,145,142,142,138,134,132,132,130,129,129,130,131,132,132,133,133,134,134,136,137,137,134
250,251,251,255,255,255,255,255,255,255,253,253,253,253,254,252,252,250,250,250,250,249,249,248,248,249,249,249,250,250,247,247,244,244,244,242,241,241,241,240,239,238,238,236,234,234,233,231,227,227,226,225,225,226,222,220,220,219,219,218,218,211,205,205,207,209,208,208,206,204,209,209,206,203,203,205,203,203,203,203,204,204,234,220,195,195,183,180,180,180,167,157,157,150,143,141,141,143,145,149,149,149,146,146,152,154,156,156,170,163,163,160,155,157,157,154,155,161,161,160,147,147,156,150,144,144,143,147,147,149,147,144,144,141,140,134,134,132,128,128,126,125,126,126,126,128,130,130,133,135,135,133
255,255,255,254,253,253,253,253,255,255,255,253,253,253,253,253,253,253,250,250,250,250,250,249,249,249,249,249,250,250,249,249,246,247,247,247,244,244,244,242,242,240,240,239,237,237,235,233,245,245,247,249,249,243,245,243,243,230,219,221,221,215,207,207,213,209,207,207,212,210,211,211,208,206,206,205,204,210,210,205,233,233,219,196,178,178,175,176,173,173,161,147,147,143,140,140,140,144,137,144,144,146,146,146,150,144,153,153,161,156,156,156,154,151,151,152,150,150,150,148,147,147,153,157,152,152,146,145,145,148,143,145,145,144,143,140,140,135,130,130,127,125,119,119,117,117,122,122,127,131,131,134
255,254,254,254,253,253,253,253,253,253,253,255,255,255,255,252,252,253,255,254,254,255,250,249,249,250,249,249,248,249,250,250,249,247,247,246,247,246,246,244,243,242,242,241,243,243,239,250,250,250,249,249,249,249,250,249,249,248,236,221,221,216,228,228,237,211,209,209,185,203,210,210,208,208,208,208,208,204,204,238,207,207,201,195,187,187,172,174,166,166,155,140,140,142,142,141,141,144,139,144,144,140,145,145,146,146,146,146,155,149,149,149,147,144,144,143,143,141,141,145,147,147,148,151,158,158,145,146,146,145,147,144,144,146,144,142,142,140,137,137,135,129,112,112,111,111,114,114,123,125,125,125
255,254,254,254,253,253,253,253,253,253,253,255,255,255,255,252,252,253,255,254,254,255,250,249,249,250,249,249,248,249,250,250,249,247,247,246,247,246,246,244,243,242,242,241,243,243,239,250,250,250,249,249,249,249,250,249,249,248,236,221,221,216,228,228,237,211,209,209,185,203,210,210,208,208,208,208,208,204,204,238,207,207,201,195,187,187,172,174,166,166,155,140,140,142,142,141,141,144,139,144,144,140,145,145,146,146,146,146,155,149,149,149,147,144,144,143,143,141,141,145,147,147,148,151,158,158,145,146,146,145,147,144,144,146,144,142,142,140,137,137,135,129,112,112,111,111,114,114,123,125,125,125
254,254,254,253,253,253,253,253,254,254,253,253,254,254,253,253,253,255,255,252,252,252,255,250,250,249,251,251,253,251,251,251,253,251,251,248,247,247,247,245,245,243,243,243,241,241,250,250,249,249,249,249,249,249,249,249,249,249,249,231,231,223,218,218,248,224,210,210,186,213,211,211,211,210,210,207,208,206,206,237,207,207,217,190,181,181,176,170,163,163,155,139,139,144,145,141,141,143,143,146,146,145,144,144,140,146,145,145,142,147,147,146,144,140,140,140,143,140,140,144,148,148,149,151,155,155,154,149,149,152,149,144,144,142,143,140,140,140,137,137,134,121,115,115,112,114,118,118,115,110,110,108
254,254,254,251,251,251,253,253,253,253,253,253,252,252,253,252,252,254,253,255,255,253,253,253,253,252,248,248,249,249,249,249,250,253,253,252,249,248,248,248,247,246,246,245,248,248,250,250,250,250,249,249,249,248,249,249,249,248,247,239,239,225,224,224,222,220,218,218,213,213,213,213,213,212,212,212,211,206,206,224,221,221,214,198,178,178,173,167,163,163,158,147,147,145,147,142,142,137,146,145,145,142,145,145,144,142,144,144,144,145,145,140,144,138,138,139,140,140,140,141,144,144,148,150,153,153,151,154,154,149,146,145,145,142,142,141,141,141,140,140,134,126,114,114,105,109,108,108,104,102,102,105
254,254,254,251,251,251,253,253,253,253,253,253,252,252,253,252,252,254,253,255,255,253,253,253,253,252,248,248,249,249,249,249,250,253,253,252,249,248,248,248,247,246,246,245,248,248,250,250,250,250,249,249,249,248,249,249,249,248,247,239,239,225,224,224,222,220,218,218,213,213,213,213,213,212,212,212,211,206,206,224,221,221,214,198,178,178,173,167,163,163,158,147,147,145,147,142,142,137,146,145,145,142,145,145,144,142,144,144,144,145,145,140,144,138,138,139,140,140,140,141,144,144,148,150,153,153,151,154,154,149,146,145,145,142,142,141,141,141,140,140,134,126,114,114,105,109,108,108,104,102,102,105
251,251,251,251,251,251,254,253,253,253,253,253,253,253,252,252,252,252,252,253,253,255,255,255,255,250,249,249,249,247,248,248,248,250,250,249,249,248,248,248,242,247,247,249,251,251,249,249,249,249,249,249,249,249,249,248,248,248,248,247,247,244,241,241,230,225,220,220,218,210,216,216,215,214,214,213,213,209,209,230,212,212,199,200,184,184,183,171,164,164,160,151,151,142,148,146,146,147,148,147,147,141,144,144,145,143,143,143,139,142,142,140,142,139,139,139,139,140,140,141,144,144,147,149,149,149,151,150,150,152,150,148,148,147,143,144,144,141,138,138,137,133,122,122,111,108,106,106,103,106,106,105
251,251,251,251,251,251,253,253,253,253,253,253,252,252,252,252,252,253,253,252,252,254,253,254,254,255,250,250,248,246,248,248,248,249,249,249,249,252,252,249,249,248,248,249,250,250,249,249,249,249,249,249,249,248,249,250,250,249,249,249,249,249,247,247,236,226,225,225,220,212,213,213,217,217,217,216,215,208,208,242,213,213,207,203,197,197,188,178,167,167,162,157,157,149,151,153,153,152,148,152,152,148,143,143,145,144,140,140,139,142,142,141,134,133,133,138,139,139,139,141,144,144,146,147,149,149,149,150,150,149,150,147,147,145,140,135,135,131,126,126,125,129,130,130,123,119,116,116,115,116,116,111
250,250,250,251,250,250,253,253,252,252,251,251,250,250,250,250,250,250,251,252,252,252,252,253,253,253,255,255,251,250,249,249,249,248,248,249,249,249,249,250,250,252,252,251,250,250,250,250,249,249,248,250,250,247,249,250,250,249,250,249,249,249,249,249,249,238,226,226,225,219,205,205,220,221,221,219,219,216,216,239,212,212,211,202,205,205,206,187,176,176,165,161,161,158,155,153,153,153,155,152,152,147,146,146,146,139,138,138,138,138,138,134,132,135,135,137,138,139,139,141,143,143,144,146,148,148,148,148,148,147,147,146,146,143,136,132,132,128,124,124,124,126,128,128,127,124,121,121,121,121,121,114
250,250,250,251,250,250,253,253,252,252,251,251,250,250,250,250,250,250,251,252,252,252,252,253,253,253,255,255,251,250,249,249,249,248,248,249,249,249,249,250,250,252,252,251,250,250,250,250,249,249,248,250,250,247,249,250,250,249,250,249,249,249,249,249,249,238,226,226,225,219,205,205,220,221,221,219,219,216,216,239,212,212,211,202,205,205,206,187,176,176,165,161,161,158,155,153,153,153,155,152,152,147,146,146,146,139,138,138,138,138,138,134,132,135,135,137,138,139,139,141,143,143,144,146,148,148,148,148,148,147,147,146,146,143,136,132,132,128,124,124,124,126,128,128,127,124,121,121,121,121,121,114
220,239,239,248,251,251,251,251,251,251,249,249,249,249,249,249,249,251,250,250,250,250,250,251,251,253,254,254,254,249,249,249,249,249,249,250,249,248,248,251,249,249,249,250,250,250,249,249,250,250,249,247,247,249,250,249,249,249,248,248,248,248,248,248,249,249,233,233,226,225,218,218,223,221,221,220,221,219,219,241,218,218,208,203,210,210,207,197,182,182,178,176,176,163,158,157,157,158,155,153,153,146,147,147,147,143,140,140,140,139,139,137,134,131,131,137,138,138,138,140,142,142,144,145,147,147,145,144,144,145,145,148,148,144,141,133,133,128,126,126,126,126,125,125,126,121,121,121,122,124,124,114
199,188,188,187,210,210,225,240,246,246,248,250,250,250,251,251,251,250,250,250,250,250,250,250,250,253,253,253,255,251,249,249,248,250,250,249,249,249,249,245,250,252,252,250,250,250,250,249,249,249,249,250,250,249,249,249,249,249,247,248,248,248,248,248,248,248,243,243,227,225,226,226,223,224,224,222,221,242,242,221,215,215,208,209,215,215,210,201,191,191,177,165,165,164,167,158,158,166,152,155,155,146,142,142,144,142,142,142,140,139,139,139,135,135,135,136,138,138,138,140,142,142,143,145,146,146,144,143,143,144,143,145,145,146,141,138,138,135,134,134,130,128,125,125,126,119,114,114,125,126,126,119
199,188,188,187,210,210,225,240,246,246,248,250,250,250,251,251,251,250,250,250,250,250,250,250,250,253,253,253,255,251,249,249,248,250,250,249,249,249,249,245,250,252,252,250,250,250,250,249,249,249,249,250,250,249,249,249,249,249,247,248,248,248,248,248,248,248,243,243,227,225,226,226,223,224,224,222,221,242,242,221,215,215,208,209,215,215,210,201,191,191,177,165,165,164,167,158,158,166,152,155,155,146,142,142,144,142,142,142,140,139,139,139,135,135,135,136,138,138,138,140,142,142,143,145,146,146,144,143,143,144,143,145,145,146,141,138,138,135,134,134,130,128,125,125,126,119,114,114,125,126,126,119
198,197,197,163,166,166,200,221,237,237,235,249,251,251,250,250,250,249,250,250,250,251,249,249,249,250,253,253,254,252,250,250,248,249,249,249,249,250,250,246,251,250,250,250,250,250,250,249,249,249,249,249,249,249,248,248,248,245,248,249,249,248,248,248,248,249,248,248,230,226,229,229,229,224,224,234,240,222,222,217,215,215,213,220,214,214,210,204,194,194,191,180,180,170,167,176,176,161,156,154,154,147,145,145,145,140,138,138,140,139,139,134,137,136,136,137,137,139,139,140,141,141,144,144,145,145,144,143,143,143,143,144,144,145,141,141,141,141,138,138,134,129,128,128,131,119,115,115,128,130,130,126
149,158,158,159,170,170,197,228,210,210,216,223,229,229,250,247,247,248,249,249,249,250,250,250,250,250,253,253,253,254,253,253,253,251,251,253,250,250,250,250,250,250,250,250,250,250,250,249,249,249,249,249,249,249,248,245,245,248,247,245,245,248,248,248,248,249,247,247,241,235,233,233,230,228,228,238,227,223,223,219,220,220,225,221,217,217,213,207,201,201,197,193,193,188,175,170,170,163,154,154,154,150,150,150,146,143,140,140,137,138,138,139,137,134,134,136,137,137,137,139,141,141,142,144,144,144,143,143,143,143,142,142,142,144,144,143,143,142,140,140,138,138,137,137,133,125,129,129,132,132,132,131
143,166,166,166,209,209,200,201,179,179,186,199,207,207,219,227,227,220,224,239,239,250,250,250,250,249,249,249,253,254,253,253,249,249,249,248,253,253,253,250,250,251,251,250,249,249,249,250,251,251,253,253,253,252,248,247,247,248,248,248,248,248,247,247,249,248,247,247,245,238,235,235,231,230,230,245,225,223,223,222,222,222,221,225,222,222,215,208,202,202,204,209,209,193,169,164,164,163,157,155,155,156,149,149,144,142,141,141,140,136,136,138,136,137,137,138,135,138,138,139,141,141,142,142,143,143,143,142,142,141,142,142,142,142,142,142,142,141,142,142,141,139,139,139,138,136,136,136,135,133,133,130
143,166,166,166,209,209,200,201,179,179,186,199,207,207,219,227,227,220,224,239,239,250,250,250,250,249,249,249,253,254,253,253,249,249,249,248,253,253,253,250,250,251,251,250,249,249,249,250,251,251,253,253,253,252,248,247,247,248,248,248,248,248,247,247,249,248,247,247,245,238,235,235,231,230,230,245,225,223,223,222,222,222,221,225,222,222,215,208,202,202,204,209,209,193,169,164,164,163,157,155,155,156,149,149,144,142,141,141,140,136,136,138,136,137,137,138,135,138,138,139,141,141,142,142,143,143,143,142,142,141,142,142,142,142,142,142,142,141,142,142,141,139,139,139,138,136,136,136,135,133,133,130
179,186,186,210,204,204,214,180,165,165,166,173,182,182,212,206,206,202,208,215,215,220,231,248,248,249,249,249,250,254,254,254,249,249,249,249,246,249,249,249,253,252,252,253,253,253,253,253,253,253,251,251,251,253,251,249,249,248,248,245,245,247,247,247,248,248,248,248,247,242,238,238,232,233,233,246,230,226,226,225,225,225,222,230,224,224,219,213,211,211,210,205,205,199,184,173,173,168,156,159,159,154,150,150,145,144,141,141,140,138,138,140,138,137,137,138,139,138,138,140,142,142,143,143,143,143,142,141,141,141,141,140,140,141,139,140,140,139,138,138,139,136,132,132,133,136,135,135,135,130,130,128
187,164,164,152,188,188,193,166,157,157,157,162,173,173,182,198,198,194,201,211,211,220,222,238,238,228,245,245,250,252,254,254,252,250,250,249,249,249,249,249,250,249,249,249,249,249,253,252,249,249,248,249,249,251,253,250,250,249,248,247,247,245,247,247,248,248,248,248,243,246,243,243,241,239,239,246,234,234,234,228,226,226,226,229,226,226,223,221,218,218,217,214,214,210,198,171,171,180,173,157,157,155,153,153,149,147,146,146,144,143,143,138,142,141,141,140,139,139,139,141,143,143,143,143,142,142,140,140,140,139,139,137,137,138,135,136,136,137,134,134,135,133,130,130,130,133,133,133,131,131,131,131
186,146,146,146,151,151,150,159,151,151,152,156,164,164,171,193,193,188,195,203,203,211,217,221,221,223,227,227,231,249,254,254,253,248,248,248,249,249,249,249,248,248,248,248,248,248,253,251,248,248,249,249,249,249,252,253,253,249,249,247,247,247,247,247,248,247,247,247,247,247,244,244,242,241,241,247,241,241,241,240,236,236,236,229,228,228,226,226,227,227,225,220,220,211,204,197,197,182,165,157,157,157,159,159,152,150,151,151,155,146,146,145,141,139,139,138,140,142,142,143,143,143,142,141,140,140,138,137,137,136,136,136,136,136,136,133,133,130,126,126,128,131,127,127,127,127,128,128,126,126,126,127
186,146,146,146,151,151,150,159,151,151,152,156,164,164,171,193,193,188,195,203,203,211,217,221,221,223,227,227,231,249,254,254,253,248,248,248,249,249,249,249,248,248,248,248,248,248,253,251,248,248,249,249,249,249,252,253,253,249,249,247,247,247,247,247,248,247,247,247,247,247,244,244,242,241,241,247,241,241,241,240,236,236,236,229,228,228,226,226,227,227,225,220,220,211,204,197,197,182,165,157,157,157,159,159,152,150,151,151,155,146,146,145,141,139,139,138,140,142,142,143,143,143,142,141,140,140,138,137,137,136,136,136,136,136,136,133,133,130,126,126,128,131,127,127,127,127,128,128,126,126,126,127
157,156,156,137,143,143,137,137,141,141,144,148,158,158,169,171,171,179,188,197,197,208,209,212,212,218,228,228,231,241,251,251,254,252,252,249,248,249,249,249,249,248,248,247,248,248,252,249,249,249,249,249,249,249,248,252,252,253,250,249,249,247,247,247,247,247,243,243,248,246,245,245,244,243,243,247,243,243,243,240,241,241,240,232,231,231,231,232,233,233,228,222,222,213,209,204,204,192,168,160,160,170,159,159,161,155,149,149,146,144,144,139,135,135,135,136,140,143,143,144,143,143,142,141,139,139,136,133,133,132,133,133,133,134,134,128,128,112,94,94,113,123,120,120,115,106,109,109,118,119,119,123
157,153,153,137,131,131,129,131,135,135,138,144,154,154,158,162,162,179,182,191,191,203,214,227,227,224,227,227,243,250,242,242,254,252,252,251,251,249,249,249,248,248,248,248,253,253,252,252,252,252,252,252,252,251,249,250,250,252,253,250,250,246,247,247,247,243,247,247,248,248,245,245,244,244,244,245,244,242,242,244,250,250,250,250,251,251,251,249,230,230,224,216,216,216,216,209,209,219,206,196,196,162,157,157,157,157,147,147,145,137,137,140,137,136,136,136,141,145,145,146,144,144,141,138,135,135,132,127,127,123,129,125,125,127,131,130,130,125,117,117,108,107,109,109,109,97,82,82,101,109,109,114
157,153,153,137,131,131,129,131,135,135,138,144,154,154,158,162,162,179,182,191,191,203,214,227,227,224,227,227,243,250,242,242,254,252,252,251,251,249,249,249,248,248,248,248,253,253,252,252,252,252,252,252,252,251,249,250,250,252,253,250,250,246,247,247,247,243,247,247,248,248,245,245,244,244,244,245,244,242,242,244,250,250,250,250,251,251,251,249,230,230,224,216,216,216,216,209,209,219,206,196,196,162,157,157,157,157,147,147,145,137,137,140,137,136,136,136,141,145,145,146,144,144,141,138,135,135,132,127,127,123,129,125,125,127,131,130,130,125,117,117,108,107,109,109,109,97,82,82,101,109,109,114
136,148,148,146,145,145,141,137,136,136,138,142,156,156,152,158,158,168,180,192,192,199,211,218,218,236,239,239,228,226,228,228,239,254,254,252,252,252,252,248,250,250,250,250,254,254,252,252,252,252,252,251,251,251,251,251,251,250,253,253,253,249,247,247,242,248,247,247,248,247,246,246,245,245,245,251,245,250,250,251,252,252,252,252,252,252,252,252,252,252,252,252,252,250,234,208,208,206,199,185,185,163,160,160,155,161,151,151,149,149,149,152,148,145,145,157,152,147,147,146,146,146,138,134,129,129,119,111,111,115,124,125,125,122,128,121,121,117,112,112,113,109,106,106,96,86,81,81,72,78,78,103
136,134,134,140,138,138,134,133,132,132,140,144,146,146,150,159,159,171,179,185,185,195,208,233,233,224,220,220,222,224,229,229,240,240,240,254,252,252,252,252,253,253,253,254,252,252,254,254,253,253,254,254,254,249,242,251,251,251,250,253,253,249,248,248,248,247,247,247,247,248,247,247,246,245,245,247,252,252,252,249,250,250,249,248,248,248,247,248,249,249,249,250,250,251,252,246,246,217,210,201,201,170,164,164,161,165,177,177,156,184,184,173,150,168,168,150,148,145,145,143,133,133,133,127,118,118,103,102,102,113,121,119,119,116,120,127,127,120,118,118,114,113,112,112,100,89,84,84,74,70,70,87
128,137,137,135,140,140,130,130,130,130,135,139,141,141,147,155,155,165,180,198,198,209,230,216,216,213,220,220,226,231,230,230,235,237,237,240,254,254,254,254,252,251,251,249,249,249,249,249,248,248,249,249,249,249,249,247,247,247,250,251,251,253,246,246,248,247,247,247,247,248,247,247,247,250,250,252,251,250,250,247,247,247,247,247,247,247,246,247,248,248,247,247,247,248,249,252,252,250,226,216,216,194,166,166,171,205,202,202,185,162,162,169,173,153,153,152,152,148,148,137,122,122,119,121,108,108,99,105,105,114,114,109,109,113,112,114,114,120,119,119,119,118,117,117,111,102,94,94,79,83,83,85
128,137,137,135,140,140,130,130,130,130,135,139,141,141,147,155,155,165,180,198,198,209,230,216,216,213,220,220,226,231,230,230,235,237,237,240,254,254,254,254,252,251,251,249,249,249,249,249,248,248,249,249,249,249,249,247,247,247,250,251,251,253,246,246,248,247,247,247,247,248,247,247,247,250,250,252,251,250,250,247,247,247,247,247,247,247,246,247,248,248,247,247,247,248,249,252,252,250,226,216,216,194,166,166,171,205,202,202,185,162,162,169,173,153,153,152,152,148,148,137,122,122,119,121,108,108,99,105,105,114,114,109,109,113,112,114,114,120,119,119,119,118,117,117,111,102,94,94,79,83,83,85
125,129,129,125,129,129,139,134,131,131,133,134,139,139,146,162,162,194,211,223,223,206,207,201,201,207,213,213,221,223,225,225,231,236,236,241,248,250,250,248,245,248,248,248,248,248,248,247,249,249,249,247,247,249,249,250,250,249,249,251,251,253,249,249,247,247,247,247,246,247,246,246,251,252,252,251,247,247,247,248,247,247,247,249,248,248,247,246,246,246,246,246,246,248,247,249,249,251,249,237,237,212,229,229,220,190,168,168,174,157,157,156,157,156,156,151,137,138,138,128,115,115,108,108,106,106,100,102,102,107,105,102,102,111,106,106,106,110,112,112,112,115,111,111,113,109,99,99,95,90,90,97
123,124,124,127,131,131,134,134,131,131,132,134,139,139,147,156,156,169,196,193,193,176,182,188,188,196,209,209,218,218,224,224,231,238,238,241,243,246,246,246,248,248,248,247,247,247,246,246,248,248,248,248,248,248,249,250,250,250,248,247,247,249,253,253,249,248,247,247,247,246,252,252,252,250,250,247,247,247,247,247,247,247,246,247,247,247,247,247,246,246,247,248,248,245,246,247,247,249,251,248,248,223,211,211,179,183,156,156,152,152,152,148,143,143,143,140,131,122,122,119,112,112,106,107,105,105,97,90,90,95,93,95,95,102,101,104,104,103,104,104,105,110,108,108,106,108,100,100,95,92,92,91
123,124,124,127,131,131,134,134,131,131,132,134,139,139,147,156,156,169,196,193,193,176,182,188,188,196,209,209,218,218,224,224,231,238,238,241,243,246,246,246,248,248,248,247,247,247,246,246,248,248,248,248,248,248,249,250,250,250,248,247,247,249,253,253,249,248,247,247,247,246,252,252,252,250,250,247,247,247,247,247,247,247,246,247,247,247,247,247,246,246,247,248,248,245,246,247,247,249,251,248,248,223,211,211,179,183,156,156,152,152,152,148,143,143,143,140,131,122,122,119,112,112,106,107,105,105,97,90,90,95,93,95,95,102,101,104,104,103,104,104,105,110,108,108,106,108,100,100,95,92,92,91
121,121,121,125,127,127,129,131,134,134,135,136,153,153,162,178,178,187,211,175,175,175,179,183,183,190,197,197,205,216,225,225,233,237,237,240,243,245,245,246,236,238,238,247,243,243,245,245,244,244,246,246,246,248,248,249,249,250,249,249,249,248,253,253,253,252,249,249,250,252,252,252,245,246,246,247,247,247,247,246,246,246,247,247,247,247,247,247,246,246,246,247,247,246,246,246,246,248,251,249,249,245,241,241,197,163,149,149,137,139,139,130,142,124,124,124,117,114,114,117,117,117,110,112,109,109,100,91,91,85,84,89,89,96,99,102,102,102,99,99,98,97,100,100,99,101,99,99,95,96,96,98
117,118,118,121,124,124,129,129,139,139,141,142,161,161,184,201,201,197,195,175,175,176,181,185,185,192,203,203,211,208,219,219,227,229,229,233,240,243,243,245,246,244,244,240,242,242,243,245,246,246,247,245,245,247,248,248,248,249,249,249,249,250,249,249,251,253,253,253,252,250,248,248,248,247,247,247,247,247,247,246,246,246,247,247,247,247,247,247,247,247,246,246,246,247,246,246,246,246,246,251,251,249,246,246,236,186,169,169,144,126,126,116,115,115,115,114,118,116,116,117,128,128,118,125,114,114,107,100,100,87,88,94,94,94,97,101,101,101,99,99,92,90,92,92,94,95,95,95,100,104,104,106
108,111,111,117,120,120,123,129,134,134,152,151,163,163,169,156,156,158,162,169,169,175,182,190,190,198,207,207,199,202,213,213,217,224,224,228,236,242,242,244,244,245,245,244,244,244,244,245,246,246,247,246,246,249,248,248,248,248,249,249,249,249,248,248,248,249,247,247,247,248,248,248,247,248,248,248,248,247,247,247,247,247,247,247,246,246,248,247,246,246,246,247,247,246,247,246,246,246,246,248,248,251,248,248,246,216,196,196,162,129,129,128,119,120,120,116,125,124,124,122,130,130,128,115,106,106,102,101,101,94,97,103,103,99,101,104,104,108,98,98,89,84,88,88,91,93,95,95,94,100,100,107
108,111,111,117,120,120,123,129,134,134,152,151,163,163,169,156,156,158,162,169,169,175,182,190,190,198,207,207,199,202,213,213,217,224,224,228,236,242,242,244,244,245,245,244,244,244,244,245,246,246,247,246,246,249,248,248,248,248,249,249,249,249,248,248,248,249,247,247,247,248,248,248,247,248,248,248,248,247,247,247,247,247,247,247,246,246,248,247,246,246,246,247,247,246,247,246,246,246,246,248,248,251,248,248,246,216,196,196,162,129,129,128,119,120,120,116,125,124,124,122,130,130,128,115,106,106,102,101,101,94,97,103,103,99,101,104,104,108,98,98,89,84,88,88,91,93,95,95,94,100,100,107
105,107,107,113,116,116,120,125,133,133,155,149,176,176,157,146,146,151,158,167,167,172,182,186,186,192,199,199,201,202,205,205,217,222,222,232,235,241,241,243,242,243,243,244,247,247,244,244,244,244,245,245,245,246,247,248,248,247,248,248,248,248,247,247,247,247,247,247,246,246,246,246,246,246,246,246,247,247,247,247,247,247,247,247,246,246,247,247,247,247,247,247,247,247,247,246,246,246,245,245,245,251,250,250,247,225,210,210,179,150,150,143,124,125,125,125,127,138,138,134,128,128,119,113,107,107,106,105,105,108,106,108,108,106,107,110,110,110,102,102,92,84,87,87,90,92,92,92,93,95,95,100
105,110,110,115,117,117,119,122,127,127,146,170,156,156,144,138,138,142,150,165,165,171,177,188,188,193,197,197,197,200,204,204,215,220,220,226,230,235,235,238,239,236,236,237,238,238,243,243,243,243,244,245,245,246,244,246,246,247,247,246,246,247,247,247,247,246,246,246,246,246,246,246,246,246,246,246,246,246,246,247,246,246,246,247,248,248,248,248,247,247,247,246,246,246,246,246,246,246,246,245,245,246,251,251,249,244,217,217,194,190,190,148,129,132,132,135,136,155,155,143,133,133,125,117,119,119,117,119,119,121,111,110,110,111,112,117,117,107,100,100,89,81,87,87,90,90,91,91,92,92,92,97
106,110,110,116,125,125,127,123,123,123,128,167,129,129,128,131,131,136,145,155,155,166,172,184,184,186,187,187,192,200,209,209,219,223,223,227,229,233,233,235,236,232,232,233,235,235,239,242,243,243,243,245,245,245,244,241,241,246,245,244,244,245,247,247,246,246,246,246,245,246,246,246,246,246,246,246,246,246,246,246,246,246,246,246,246,246,247,247,247,247,247,247,247,247,246,246,246,246,246,246,246,245,251,251,249,249,223,223,216,168,168,159,152,154,154,176,138,137,137,136,133,133,130,128,140,140,124,135,135,114,111,113,113,116,118,113,113,106,100,100,86,84,89,89,91,90,91,91,94,98,98,99
106,110,110,116,125,125,127,123,123,123,128,167,129,129,128,131,131,136,145,155,155,166,172,184,184,186,187,187,192,200,209,209,219,223,223,227,229,233,233,235,236,232,232,233,235,235,239,242,243,243,243,245,245,245,244,241,241,246,245,244,244,245,247,247,246,246,246,246,245,246,246,246,246,246,246,246,246,246,246,246,246,246,246,246,246,246,247,247,247,247,247,247,247,247,246,246,246,246,246,246,246,245,251,251,249,249,223,223,216,168,168,159,152,154,154,176,138,137,137,136,133,133,130,128,140,140,124,135,135,114,111,113,113,116,118,113,113,106,100,100,86,84,89,89,91,90,91,91,94,98,98,99
108,112,112,117,121,121,121,126,122,122,132,134,126,126,124,127,127,131,139,146,146,161,169,177,177,183,191,191,196,201,208,208,213,222,222,227,230,232,232,233,236,235,235,235,236,236,239,241,244,244,243,244,244,244,244,242,242,244,243,244,244,245,246,246,246,247,246,246,247,247,246,246,245,246,246,246,246,246,246,246,246,246,246,246,246,246,246,246,246,246,247,247,247,247,246,246,246,246,246,245,245,245,245,245,251,249,242,242,224,212,212,193,205,180,180,141,131,124,124,124,129,129,129,132,134,134,131,127,127,117,115,117,117,120,118,117,117,113,105,105,93,88,92,92,93,91,91,91,93,97,97,101
107,110,110,114,117,117,122,129,127,127,131,146,124,124,123,126,126,134,143,147,147,155,163,174,174,176,182,182,189,196,205,205,212,219,219,225,228,229,229,231,234,235,235,236,238,238,235,239,242,242,243,242,242,241,243,246,246,243,243,243,243,245,248,248,246,246,246,246,247,247,247,247,247,245,245,247,247,246,246,246,246,246,246,246,246,246,246,246,246,246,246,246,246,246,247,246,246,246,246,245,245,245,245,245,251,251,248,248,238,223,223,218,169,154,154,138,124,119,119,126,125,125,131,142,139,139,146,127,127,115,118,121,121,125,121,115,115,108,102,102,93,92,93,93,94,91,91,91,94,96,96,99
107,110,110,114,117,117,122,129,127,127,131,146,124,124,123,126,126,134,143,147,147,155,163,174,174,176,182,182,189,196,205,205,212,219,219,225,228,229,229,231,234,235,235,236,238,238,235,239,242,242,243,242,242,241,243,246,246,243,243,243,243,245,248,248,246,246,246,246,247,247,247,247,247,245,245,247,247,246,246,246,246,246,246,246,246,246,246,246,246,246,246,246,246,246,247,246,246,246,246,245,245,245,245,245,251,251,248,248,238,223,223,218,169,154,154,138,124,119,119,126,125,125,131,142,139,139,146,127,127,115,118,121,121,125,121,115,115,108,102,102,93,92,93,93,94,91,91,91,94,96,96,99
112,111,111,116,127,127,125,118,118,118,117,129,125,125,123,126,126,129,137,147,147,158,163,166,166,172,179,179,187,193,198,198,208,213,213,222,223,225,225,227,230,232,232,235,235,235,236,238,241,241,242,240,240,243,242,242,242,236,243,241,241,245,252,252,246,246,246,246,247,247,247,247,247,247,247,247,247,247,247,247,246,246,246,246,246,246,245,246,246,246,246,246,246,246,246,246,246,246,246,245,245,246,246,246,246,249,251,251,249,241,241,221,192,165,165,160,133,134,134,134,133,133,137,142,143,143,133,121,121,117,116,121,121,132,125,120,120,114,105,105,94,93,96,96,95,91,90,90,93,95,95,92
117,116,116,121,117,117,115,110,111,111,114,115,118,118,120,127,127,136,138,144,144,150,159,167,167,167,175,175,181,188,196,196,201,208,208,213,219,222,222,225,229,230,230,231,232,232,235,234,240,240,236,241,241,242,242,235,235,236,237,242,242,246,246,246,247,247,246,246,247,245,247,247,247,247,247,247,246,247,247,247,246,246,246,246,246,246,245,246,246,246,246,246,246,247,246,245,245,246,246,246,246,246,245,245,245,248,249,249,251,251,251,251,233,199,199,164,155,159,159,143,139,139,148,166,139,139,128,120,120,116,115,119,119,134,121,115,115,117,117,117,107,101,98,98,93,89,88,88,90,91,91,83
123,120,120,120,112,112,105,103,105,105,106,102,108,108,114,120,120,128,128,136,136,147,152,157,157,167,170,170,175,182,187,187,193,202,202,208,212,218,218,219,226,227,227,230,231,231,233,233,240,240,239,241,241,241,238,234,234,235,236,242,242,245,245,245,245,242,246,246,246,246,247,247,246,245,245,246,246,247,247,246,246,246,246,246,246,246,246,245,246,246,246,246,246,246,246,246,246,245,245,245,245,245,246,246,244,246,246,246,248,249,249,249,251,232,232,212,181,180,180,155,150,150,191,148,141,141,133,117,117,116,118,121,121,136,121,115,115,107,99,99,96,103,95,95,90,86,85,85,86,87,87,83
123,120,120,120,112,112,105,103,105,105,106,102,108,108,114,120,120,128,128,136,136,147,152,157,157,167,170,170,175,182,187,187,193,202,202,208,212,218,218,219,226,227,227,230,231,231,233,233,240,240,239,241,241,241,238,234,234,235,236,242,242,245,245,245,245,242,246,246,246,246,247,247,246,245,245,246,246,247,247,246,246,246,246,246,246,246,246,245,246,246,246,246,246,246,246,246,246,245,245,245,245,245,246,246,244,246,246,246,248,249,249,249,251,232,232,212,181,180,180,155,150,150,191,148,141,141,133,117,117,116,118,121,121,136,121,115,115,107,99,99,96,103,95,95,90,86,85,85,86,87,87,83
115,108,108,109,114,114,112,105,102,102,100,101,101,101,109,118,118,121,126,135,135,140,147,154,154,160,165,165,171,176,185,185,193,197,197,199,205,209,209,215,221,224,224,227,229,229,231,234,239,239,238,239,239,240,232,233,233,235,236,241,241,244,246,246,245,246,245,245,242,245,245,245,245,246,246,245,246,246,246,247,247,247,247,247,246,246,246,246,246,246,246,246,246,246,246,245,245,245,245,245,245,245,245,245,245,246,246,246,248,249,249,248,248,251,251,239,215,183,183,168,186,186,165,140,134,134,127,117,117,114,119,125,125,138,125,116,116,100,86,86,88,93,93,93,85,82,83,83,83,83,83,79
109,104,104,104,102,102,109,110,105,105,99,99,101,101,106,112,112,123,123,129,129,136,145,151,151,162,166,166,171,172,186,186,186,178,178,188,196,203,203,212,217,219,219,223,225,225,231,235,237,237,237,238,238,230,232,233,233,234,236,236,236,244,244,244,245,245,245,245,245,245,246,246,244,244,244,244,246,246,246,246,246,246,246,246,246,246,246,246,245,245,245,246,246,246,246,246,246,246,245,245,245,245,245,245,245,244,248,248,248,248,248,247,248,251,251,250,243,222,222,193,185,185,154,140,143,143,128,115,115,113,120,125,125,140,118,108,108,99,93,93,87,84,83,83,86,87,91,91,89,82,82,74
109,104,104,104,102,102,109,110,105,105,99,99,101,101,106,112,112,123,123,129,129,136,145,151,151,162,166,166,171,172,186,186,186,178,178,188,196,203,203,212,217,219,219,223,225,225,231,235,237,237,237,238,238,230,232,233,233,234,236,236,236,244,244,244,245,245,245,245,245,245,246,246,244,244,244,244,246,246,246,246,246,246,246,246,246,246,246,246,245,245,245,246,246,246,246,246,246,246,245,245,245,245,245,245,245,244,248,248,248,248,248,247,248,251,251,250,243,222,222,193,185,185,154,140,143,143,128,115,115,113,120,125,125,140,118,108,108,99,93,93,87,84,83,83,86,87,91,91,89,82,82,74
104,102,102,99,103,103,100,103,104,104,99,99,93,93,100,106,106,114,117,129,129,133,139,149,149,154,157,157,156,166,170,170,173,172,172,175,184,196,196,206,207,213,213,216,222,222,230,234,238,238,234,234,234,230,230,231,231,232,232,232,232,240,243,243,244,244,243,243,243,243,242,242,240,241,241,243,243,243,243,244,245,245,244,245,246,246,246,246,245,245,246,246,246,246,247,247,247,247,247,245,245,245,245,245,245,246,249,249,249,247,247,245,246,247,247,251,248,241,241,230,192,192,194,174,139,139,128,125,125,114,125,127,127,122,111,102,102,94,91,91,88,94,91,91,87,97,92,92,81,79,79,73
95,95,95,96,96,96,99,103,117,117,110,102,95,95,96,107,107,114,120,118,118,125,135,141,141,145,151,151,154,151,163,163,167,167,167,172,186,193,193,196,200,210,210,210,216,216,224,233,237,237,234,229,229,229,229,229,229,230,229,230,230,232,238,238,238,235,235,235,234,235,235,235,236,239,239,242,242,240,240,243,243,243,243,244,243,243,244,243,246,246,246,245,245,246,246,246,246,246,245,246,246,245,245,245,245,247,248,248,246,246,246,247,247,246,246,251,249,247,247,248,237,237,206,155,141,141,132,134,134,124,130,131,131,124,114,102,102,95,95,95,101,106,100,100,93,98,94,94,82,73,73,70
100,97,97,96,96,96,101,119,126,126,116,122,108,108,100,98,98,100,104,111,111,118,125,133,133,140,143,143,150,151,160,160,161,166,166,169,173,180,180,186,194,202,202,204,206,206,217,233,229,229,229,226,226,227,228,225,225,225,225,228,228,229,229,229,229,230,231,231,231,231,229,229,233,236,236,240,241,240,240,241,243,243,243,243,242,242,244,244,244,244,244,246,246,247,246,246,246,245,245,245,245,246,245,245,245,248,246,246,247,246,246,246,246,246,246,251,248,248,248,248,246,246,244,210,164,164,145,140,140,138,139,134,134,132,110,97,97,103,105,105,115,105,101,101,95,104,104,104,87,70,70,66
100,97,97,96,96,96,101,119,126,126,116,122,108,108,100,98,98,100,104,111,111,118,125,133,133,140,143,143,150,151,160,160,161,166,166,169,173,180,180,186,194,202,202,204,206,206,217,233,229,229,229,226,226,227,228,225,225,225,225,228,228,229,229,229,229,230,231,231,231,231,229,229,233,236,236,240,241,240,240,241,243,243,243,243,242,242,244,244,244,244,244,246,246,247,246,246,246,245,245,245,245,246,245,245,245,248,246,246,247,246,246,246,246,246,246,251,248,248,248,248,246,246,244,210,164,164,145,140,140,138,139,134,134,132,110,97,97,103,105,105,115,105,101,101,95,104,104,104,87,70,70,66
95,96,96,96,95,95,97,107,127,127,141,129,126,126,117,103,103,99,99,105,105,112,117,123,123,129,138,138,140,146,150,150,156,160,160,162,165,170,170,176,186,192,192,197,198,198,207,233,222,222,222,222,222,222,222,222,222,222,221,220,220,223,224,224,223,225,227,227,228,228,228,228,230,233,233,237,239,238,238,233,241,241,243,242,242,242,243,244,245,245,245,244,244,244,245,246,246,246,246,245,245,246,245,245,248,248,247,247,246,246,246,246,246,246,246,246,251,247,247,247,245,245,246,229,219,219,170,189,189,199,149,137,137,133,116,108,108,118,111,111,110,106,107,107,97,108,89,89,78,65,65,59
98,100,100,101,92,92,95,101,116,116,134,151,143,143,134,125,125,116,108,105,105,107,113,118,118,122,127,127,132,139,145,145,150,154,154,155,155,161,161,169,175,182,182,188,193,193,195,230,207,207,215,214,214,213,215,217,217,215,216,212,212,213,212,212,212,214,217,217,219,224,226,226,227,230,230,235,238,240,240,229,239,239,242,242,242,242,242,244,244,244,243,245,245,244,244,245,245,245,246,246,246,245,244,244,248,246,247,247,246,245,245,244,245,246,246,246,251,250,250,248,246,246,247,245,236,236,211,192,192,153,143,138,138,142,130,133,133,129,124,124,130,120,129,129,106,93,85,85,68,60,60,67
129,127,127,100,107,107,100,104,104,104,120,146,159,159,149,147,147,143,133,121,121,118,123,125,125,120,122,122,123,130,136,136,141,146,146,149,149,153,153,159,163,171,171,175,184,184,186,233,191,191,204,202,202,200,206,210,210,210,206,204,204,201,201,201,199,201,203,203,208,215,220,220,222,224,224,232,236,236,236,237,238,238,241,242,242,242,242,244,243,243,241,243,243,244,244,243,243,245,245,246,246,245,246,246,247,246,242,242,246,246,246,246,244,245,245,245,245,250,250,248,249,249,247,247,243,243,232,214,214,159,152,147,147,160,151,145,145,156,142,142,143,124,124,124,106,86,60,60,58,53,53,64
129,127,127,100,107,107,100,104,104,104,120,146,159,159,149,147,147,143,133,121,121,118,123,125,125,120,122,122,123,130,136,136,141,146,146,149,149,153,153,159,163,171,171,175,184,184,186,233,191,191,204,202,202,200,206,210,210,210,206,204,204,201,201,201,199,201,203,203,208,215,220,220,222,224,224,232,236,236,236,237,238,238,241,242,242,242,242,244,243,243,241,243,243,244,244,243,243,245,245,246,246,245,246,246,247,246,242,242,246,246,246,246,244,245,245,245,245,250,250,248,249,249,247,247,243,243,232,214,214,159,152,147,147,160,151,145,145,156,142,142,143,124,124,124,106,86,60,60,58,53,53,64
121,138,138,140,141,141,125,122,121,121,128,136,149,149,159,161,161,160,151,154,154,154,152,142,142,127,125,125,123,124,127,127,132,137,137,142,146,149,149,153,158,164,164,172,177,177,191,226,184,184,185,184,184,182,186,194,194,196,201,188,188,187,186,186,188,190,197,197,201,205,209,209,216,220,220,227,234,235,235,235,235,235,238,241,242,242,242,242,242,242,243,241,241,241,243,244,244,243,244,245,245,245,245,245,247,245,249,249,249,246,246,246,245,245,245,245,245,246,246,250,250,250,247,246,245,245,240,234,234,211,160,154,154,178,170,152,152,135,136,136,113,99,102,102,109,94,76,76,56,64,64,93
123,132,132,140,147,147,154,162,151,151,153,158,162,162,169,173,173,158,151,160,160,171,159,137,137,135,128,128,121,121,123,123,127,133,133,143,162,157,157,179,218,223,223,221,223,223,227,220,181,181,172,169,169,169,174,176,176,182,179,177,177,178,181,181,184,187,198,198,194,194,204,204,211,218,218,228,233,234,234,234,235,235,236,237,240,240,239,240,242,242,244,243,243,241,241,243,243,243,243,244,244,245,244,244,247,249,249,249,246,246,246,247,248,248,248,249,248,248,248,245,250,250,250,247,247,247,246,242,242,232,210,189,189,202,200,157,157,155,121,121,111,106,92,92,98,76,67,67,82,63,63,91
123,132,132,140,147,147,154,162,151,151,153,158,162,162,169,173,173,158,151,160,160,171,159,137,137,135,128,128,121,121,123,123,127,133,133,143,162,157,157,179,218,223,223,221,223,223,227,220,181,181,172,169,169,169,174,176,176,182,179,177,177,178,181,181,184,187,198,198,194,194,204,204,211,218,218,228,233,234,234,234,235,235,236,237,240,240,239,240,242,242,244,243,243,241,241,243,243,243,243,244,244,245,244,244,247,249,249,249,246,246,246,247,248,248,248,249,248,248,248,245,250,250,250,247,247,247,246,242,242,232,210,189,189,202,200,157,157,155,121,121,111,106,92,92,98,76,67,67,82,63,63,91
136,144,144,152,157,157,161,166,167,167,174,171,175,175,178,178,178,177,174,167,167,170,172,143,143,156,129,129,122,125,131,131,135,126,126,152,169,217,217,220,209,161,161,166,184,184,177,172,172,172,170,168,168,169,168,169,169,171,171,174,174,176,180,180,183,186,191,191,196,205,214,214,225,229,229,229,232,233,233,233,234,234,235,236,237,237,239,241,241,241,241,244,244,244,243,243,243,243,243,243,243,244,244,244,245,246,249,249,246,247,247,247,246,245,245,246,248,248,248,245,242,242,250,250,248,248,246,246,246,242,233,229,229,198,180,151,151,143,122,122,105,92,93,93,87,85,87,87,99,83,83,90
138,141,141,149,154,154,163,156,163,163,170,179,178,178,170,181,181,180,180,179,179,183,141,143,143,147,179,179,142,129,146,146,170,152,152,160,215,193,193,196,205,197,197,174,171,171,174,167,164,164,165,167,167,171,178,176,176,175,176,179,179,181,185,185,191,201,208,208,214,221,224,224,223,226,226,227,229,231,231,231,232,232,233,235,235,235,237,240,241,241,240,241,241,241,243,242,242,243,237,244,244,244,244,244,244,244,244,244,245,245,245,247,246,246,246,245,245,248,248,247,242,242,245,248,250,250,250,246,246,245,241,239,239,239,231,207,207,163,140,140,123,109,113,113,97,84,115,115,127,120,120,145
127,124,124,129,140,140,120,127,141,141,156,161,172,172,183,186,186,189,191,190,190,182,184,140,140,180,188,188,188,156,160,160,191,201,201,216,191,174,174,162,159,168,168,168,172,172,161,158,157,157,160,162,162,163,171,183,183,184,196,195,195,200,202,202,211,214,218,218,219,220,217,217,219,223,223,224,222,224,224,229,228,228,231,234,234,234,234,237,240,240,240,240,240,241,241,241,241,241,242,241,241,243,244,244,244,244,244,244,244,244,244,244,244,246,246,246,245,245,245,246,244,244,244,244,247,247,249,250,250,245,245,245,245,245,244,236,236,220,197,197,169,152,138,138,140,135,153,153,179,166,166,182
127,124,124,129,140,140,120,127,141,141,156,161,172,172,183,186,186,189,191,190,190,182,184,140,140,180,188,188,188,156,160,160,191,201,201,216,191,174,174,162,159,168,168,168,172,172,161,158,157,157,160,162,162,163,171,183,183,184,196,195,195,200,202,202,211,214,218,218,219,220,217,217,219,223,223,224,222,224,224,229,228,228,231,234,234,234,234,237,240,240,240,240,240,241,241,241,241,241,242,241,241,243,244,244,244,244,244,244,244,244,244,244,244,246,246,246,245,245,245,246,244,244,244,244,247,247,249,250,250,245,245,245,245,245,244,236,236,220,197,197,169,152,138,138,140,135,153,153,179,166,166,182
101,103,103,108,117,117,132,141,166,166,163,163,178,178,178,177,177,183,189,193,193,187,184,195,195,198,197,197,202,203,211,211,212,213,213,213,209,200,200,195,188,176,176,169,168,168,151,150,150,150,154,162,162,163,172,182,182,188,201,199,199,204,209,209,205,205,209,209,209,204,209,209,218,220,220,219,211,213,213,224,214,214,217,228,230,230,232,232,237,237,238,239,239,240,239,240,240,241,241,241,241,241,243,243,244,244,244,244,244,243,243,244,244,243,243,245,245,246,246,246,245,245,244,243,244,244,244,248,248,249,250,244,244,245,246,248,248,243,229,229,214,202,194,194,198,203,210,210,198,203,203,208
95,104,104,112,118,118,125,153,132,132,148,164,170,170,168,170,170,177,180,191,191,195,197,187,187,179,182,182,197,208,210,210,214,211,211,208,198,194,194,194,168,148,148,159,145,145,144,144,147,147,152,159,159,151,168,182,182,192,188,194,194,196,193,193,193,196,200,200,204,208,212,212,199,191,191,194,204,219,219,206,202,202,202,206,210,210,219,230,233,233,235,237,237,238,238,239,239,239,241,240,240,241,243,243,243,243,243,243,244,243,243,243,243,243,243,244,245,246,246,246,246,246,246,245,245,245,245,247,247,248,248,250,250,244,244,244,244,244,246,246,242,230,231,231,229,230,229,229,226,222,222,216
95,104,104,112,118,118,125,153,132,132,148,164,170,170,168,170,170,177,180,191,191,195,197,187,187,179,182,182,197,208,210,210,214,211,211,208,198,194,194,194,168,148,148,159,145,145,144,144,147,147,152,159,159,151,168,182,182,192,188,194,194,196,193,193,193,196,200,200,204,208,212,212,199,191,191,194,204,219,219,206,202,202,202,206,210,210,219,230,233,233,235,237,237,238,238,239,239,239,241,240,240,241,243,243,243,243,243,243,244,243,243,243,243,243,243,244,245,246,246,246,246,246,246,245,245,245,245,247,247,248,248,250,250,244,244,244,244,244,246,246,242,230,231,231,229,230,229,229,226,222,222,216
98,115,115,123,135,135,148,125,135,135,153,162,155,155,150,163,163,173,177,186,186,187,194,197,197,200,188,188,204,209,210,210,210,207,207,191,190,183,183,185,147,137,137,139,137,137,137,140,145,145,149,150,150,159,176,192,192,178,182,191,191,176,177,177,183,185,191,191,200,196,193,193,189,188,188,199,216,201,201,193,195,195,197,202,207,207,219,225,231,231,237,235,235,237,237,237,237,238,237,239,239,240,242,242,242,243,243,243,243,243,243,243,243,243,243,243,243,245,245,246,246,246,246,245,246,246,245,245,245,247,248,247,247,247,244,244,244,244,244,244,244,243,241,241,240,238,234,234,232,229,229,226
117,132,132,141,115,115,114,130,149,149,126,126,144,144,146,148,148,151,173,177,177,179,192,193,193,195,206,206,207,209,194,194,191,188,188,183,174,165,165,171,151,130,130,131,133,133,133,136,141,141,144,153,153,144,152,169,169,172,175,175,175,173,171,171,170,172,181,181,199,182,181,181,183,186,186,201,195,191,191,192,194,194,197,207,216,216,220,220,230,230,229,231,231,234,235,234,234,236,236,238,238,239,241,241,242,242,242,242,242,242,242,243,243,243,243,243,242,245,245,247,245,245,245,245,244,244,245,245,245,247,247,247,247,250,244,244,244,244,243,243,244,244,237,237,237,238,236,236,232,229,229,226
95,110,110,115,108,108,118,129,128,128,109,128,123,123,131,137,137,148,156,166,166,173,194,187,187,205,207,207,207,203,170,170,170,162,162,175,151,136,136,160,138,129,129,124,126,126,129,131,135,135,155,157,157,148,154,155,155,161,173,162,162,160,162,162,167,180,194,194,178,179,181,181,185,196,196,212,189,189,189,191,193,193,196,202,209,209,209,216,223,223,226,229,229,232,233,232,232,233,233,236,236,238,241,241,240,241,241,241,240,241,241,242,242,243,243,243,243,242,242,246,245,245,245,245,244,244,245,246,246,248,246,248,248,250,244,244,244,244,244,244,244,244,244,244,236,236,236,236,233,232,232,231
95,110,110,115,108,108,118,129,128,128,109,128,123,123,131,137,137,148,156,166,166,173,194,187,187,205,207,207,207,203,170,170,170,162,162,175,151,136,136,160,138,129,129,124,126,126,129,131,135,135,155,157,157,148,154,155,155,161,173,162,162,160,162,162,167,180,194,194,178,179,181,181,185,196,196,212,189,189,189,191,193,193,196,202,209,209,209,216,223,223,226,229,229,232,233,232,232,233,233,236,236,238,241,241,240,241,241,241,240,241,241,242,242,243,243,243,243,242,242,246,245,245,245,245,244,244,245,246,246,248,246,248,248,250,244,244,244,244,244,244,244,244,244,244,236,236,236,236,233,232,232,231
97,118,118,98,110,110,124,97,90,90,99,104,112,112,125,124,124,132,143,163,163,183,191,200,200,204,206,206,207,193,164,164,160,160,160,163,150,124,124,124,127,119,119,118,120,120,125,146,172,172,173,164,164,144,140,144,144,151,157,154,154,156,163,163,176,182,174,174,175,183,189,189,202,204,204,193,186,186,186,189,194,194,201,208,212,212,214,219,223,223,227,228,228,230,230,231,231,231,230,231,231,231,240,240,240,240,241,241,240,240,240,242,242,242,242,243,243,243,243,246,246,246,244,244,243,243,245,245,245,245,246,248,248,250,247,244,244,244,243,243,244,247,244,244,236,235,235,235,236,235,235,233
101,120,120,96,110,110,116,83,89,89,95,103,115,115,134,155,155,170,173,181,181,182,191,203,203,204,205,205,205,201,191,191,182,172,172,169,157,143,143,115,110,111,111,119,115,115,157,141,138,138,141,134,134,128,131,138,138,147,144,147,147,160,178,178,167,169,173,173,177,184,188,188,197,195,195,202,190,190,190,192,195,195,193,201,208,208,217,220,221,221,224,227,227,225,228,228,228,229,229,229,229,229,237,237,238,240,239,239,240,240,240,242,242,239,239,242,243,244,244,245,245,245,245,245,244,244,244,245,245,244,246,246,246,248,249,243,243,243,243,243,245,245,244,244,238,236,235,235,236,235,235,235
109,85,85,98,94,94,108,93,101,101,109,124,135,135,143,145,145,153,159,168,168,181,201,203,203,205,206,206,208,189,181,181,178,179,179,150,134,130,130,122,114,114,114,120,134,134,137,118,117,117,121,124,124,124,128,138,138,132,134,141,141,166,153,153,156,161,167,167,172,180,183,183,186,186,186,189,191,191,191,193,195,195,197,201,205,205,207,212,213,213,216,221,221,222,225,226,226,226,227,227,227,230,235,235,238,238,238,238,239,240,240,241,240,243,243,243,244,244,244,245,245,245,246,247,245,245,244,244,244,244,244,246,246,247,249,244,244,243,246,246,244,245,243,243,242,238,237,237,236,233,233,234
109,85,85,98,94,94,108,93,101,101,109,124,135,135,143,145,145,153,159,168,168,181,201,203,203,205,206,206,208,189,181,181,178,179,179,150,134,130,130,122,114,114,114,120,134,134,137,118,117,117,121,124,124,124,128,138,138,132,134,141,141,166,153,153,156,161,167,167,172,180,183,183,186,186,186,189,191,191,191,193,195,195,197,201,205,205,207,212,213,213,216,221,221,222,225,226,226,226,227,227,227,230,235,235,238,238,238,238,239,240,240,241,240,243,243,243,244,244,244,245,245,245,246,247,245,245,244,244,244,244,244,246,246,247,249,244,244,243,246,246,244,245,243,243,242,238,237,237,236,233,233,234
91,77,77,86,87,87,100,85,88,88,99,116,124,124,131,140,140,155,124,154,154,167,202,204,204,205,203,203,188,177,168,168,164,166,166,149,142,133,133,106,100,113,113,125,138,138,128,110,110,110,115,117,117,120,126,126,126,126,129,139,139,166,142,142,146,152,158,158,170,171,173,173,177,177,177,182,183,186,186,187,191,191,194,196,197,197,201,204,206,206,210,214,214,220,222,225,225,225,223,227,227,230,236,236,237,237,237,237,239,240,240,242,242,243,243,243,243,243,243,243,243,243,244,248,247,247,246,244,244,243,244,247,247,247,249,249,249,243,245,245,244,244,244,244,242,239,238,238,237,236,236,235
78,68,68,69,82,82,74,84,105,105,114,115,125,125,137,148,148,148,149,173,173,199,201,202,202,204,199,199,177,154,145,145,146,149,149,149,141,112,112,101,103,113,113,131,145,145,112,100,102,102,108,112,112,116,119,120,120,123,129,141,141,154,137,137,137,143,150,150,155,162,165,165,167,171,171,172,173,174,174,175,181,181,189,194,196,196,196,198,203,203,209,219,219,220,217,217,217,221,223,228,228,230,235,235,235,236,237,237,239,240,240,241,242,242,242,243,241,243,243,243,244,244,243,243,248,248,247,247,247,243,244,246,246,247,248,249,249,243,246,246,244,243,244,244,242,238,238,238,237,237,237,237
78,68,68,69,82,82,74,84,105,105,114,115,125,125,137,148,148,148,149,173,173,199,201,202,202,204,199,199,177,154,145,145,146,149,149,149,141,112,112,101,103,113,113,131,145,145,112,100,102,102,108,112,112,116,119,120,120,123,129,141,141,154,137,137,137,143,150,150,155,162,165,165,167,171,171,172,173,174,174,175,181,181,189,194,196,196,196,198,203,203,209,219,219,220,217,217,217,221,223,228,228,230,235,235,235,236,237,237,239,240,240,241,242,242,242,243,241,243,243,243,244,244,243,243,248,248,247,247,247,243,244,246,246,247,248,249,249,243,246,246,244,243,244,244,242,238,238,238,237,237,237,237
58,57,57,63,75,75,63,74,87,87,101,101,122,122,130,142,142,156,167,193,193,198,201,202,202,203,170,170,122,79,75,75,104,95,95,95,93,99,99,106,123,127,127,136,114,114,107,89,92,92,97,98,98,111,111,115,115,119,128,130,130,146,134,134,132,134,142,142,146,151,154,154,157,164,164,166,163,166,166,171,176,176,185,188,191,191,196,200,208,208,215,215,215,213,214,216,216,219,222,227,227,234,233,233,234,236,237,237,239,240,240,240,241,242,242,242,243,243,243,243,243,243,244,242,243,243,244,245,245,247,246,247,247,246,248,249,249,249,244,244,245,244,243,243,244,241,241,241,239,238,238,238
47,53,53,63,57,57,60,74,94,94,111,131,121,121,127,132,132,139,164,196,196,198,199,204,204,204,176,176,138,82,59,59,66,76,76,84,89,102,102,114,97,114,114,119,102,102,86,79,82,82,89,97,97,99,101,108,108,114,118,126,126,138,129,129,126,129,130,130,133,140,145,145,152,155,155,156,157,161,161,168,175,175,174,182,184,184,192,205,195,195,203,205,205,204,205,209,209,213,219,229,229,232,230,230,230,234,233,233,238,239,239,239,241,241,241,242,242,242,242,244,243,243,244,243,242,242,243,243,243,247,247,247,247,247,248,248,248,249,243,243,244,245,244,244,242,242,241,241,241,239,239,239
48,47,47,49,52,52,63,80,88,88,97,107,118,118,145,151,151,166,184,196,196,198,199,200,200,201,189,189,167,139,100,100,99,112,112,85,85,92,92,91,93,99,99,116,106,106,90,74,73,73,79,87,87,94,100,105,105,113,126,123,123,127,123,123,121,122,122,122,125,131,139,139,144,145,145,146,149,154,154,159,162,162,168,171,181,181,198,189,194,194,198,201,201,190,192,198,198,207,223,230,230,230,227,227,227,228,230,230,232,233,233,237,240,241,241,241,242,243,243,243,243,243,243,243,243,243,242,243,243,243,245,247,247,247,247,247,247,247,249,249,245,243,246,246,242,241,241,241,240,240,240,239
48,47,47,49,52,52,63,80,88,88,97,107,118,118,145,151,151,166,184,196,196,198,199,200,200,201,189,189,167,139,100,100,99,112,112,85,85,92,92,91,93,99,99,116,106,106,90,74,73,73,79,87,87,94,100,105,105,113,126,123,123,127,123,123,121,122,122,122,125,131,139,139,144,145,145,146,149,154,154,159,162,162,168,171,181,181,198,189,194,194,198,201,201,190,192,198,198,207,223,230,230,230,227,227,227,228,230,230,232,233,233,237,240,241,241,241,242,243,243,243,243,243,243,243,243,243,242,243,243,243,245,247,247,247,247,247,247,247,249,249,245,243,246,246,242,241,241,241,240,240,240,239
48,45,45,54,56,56,65,75,95,95,124,138,148,148,167,164,164,140,194,195,195,197,199,201,201,200,191,191,191,173,155,155,147,79,79,81,82,83,83,83,89,96,96,97,90,90,87,81,75,75,78,86,86,94,100,113,113,110,107,111,111,115,115,115,116,117,118,118,124,130,132,132,133,135,135,138,143,149,149,154,162,162,179,188,197,197,182,182,185,185,185,193,193,179,183,192,192,209,227,229,229,225,223,223,221,223,224,224,225,230,230,233,236,239,239,242,241,243,243,243,243,243,243,242,243,243,243,242,242,242,244,244,244,247,247,247,247,247,249,249,244,243,244,244,245,242,241,241,241,240,240,239
53,50,50,55,73,73,83,107,101,101,100,116,135,135,149,167,167,184,190,191,191,196,199,199,199,180,178,178,182,190,180,180,153,146,146,94,98,74,74,76,81,83,83,85,90,90,103,97,85,85,106,101,101,101,103,104,104,95,96,102,102,105,108,108,110,113,115,115,118,121,124,124,128,138,138,152,159,176,176,176,176,176,170,187,165,165,164,173,171,171,177,186,186,181,187,199,199,204,227,219,219,218,214,214,216,215,216,216,219,227,227,228,229,234,234,237,241,243,243,243,243,243,242,242,241,241,242,243,243,242,243,244,244,244,247,247,247,247,249,249,243,243,243,243,244,245,241,241,241,240,240,240
53,50,50,55,73,73,83,107,101,101,100,116,135,135,149,167,167,184,190,191,191,196,199,199,199,180,178,178,182,190,180,180,153,146,146,94,98,74,74,76,81,83,83,85,90,90,103,97,85,85,106,101,101,101,103,104,104,95,96,102,102,105,108,108,110,113,115,115,118,121,124,124,128,138,138,152,159,176,176,176,176,176,170,187,165,165,164,173,171,171,177,186,186,181,187,199,199,204,227,219,219,218,214,214,216,215,216,216,219,227,227,228,229,234,234,237,241,243,243,243,243,243,242,242,241,241,242,243,243,242,243,244,244,244,247,247,247,247,249,249,243,243,243,243,244,245,241,241,241,240,240,240
72,61,61,59,62,62,62,69,90,90,104,105,114,114,124,149,149,188,192,195,195,196,197,172,172,168,167,167,170,174,179,179,186,171,171,149,100,102,102,74,76,83,83,101,125,125,142,124,123,123,123,111,111,104,103,97,97,83,85,91,91,96,101,101,104,108,110,110,113,117,130,130,152,148,148,149,154,165,165,144,145,145,171,168,152,152,153,160,169,169,175,178,178,187,204,223,223,224,212,200,200,203,202,202,201,202,204,204,210,216,216,211,219,220,220,226,227,238,238,238,242,242,242,242,241,241,241,243,243,242,242,244,244,245,247,247,247,247,249,249,243,243,243,243,243,244,242,242,241,241,241,240
68,93,93,66,59,59,76,68,75,75,92,104,114,114,121,170,170,189,192,195,195,197,187,163,163,147,147,147,152,159,167,167,173,178,178,179,166,166,166,154,129,130,130,147,161,161,147,150,119,119,112,113,113,109,109,94,94,71,73,79,79,85,92,92,96,100,105,105,112,136,142,142,128,119,119,124,130,132,132,131,139,139,142,141,144,144,147,152,157,157,164,167,167,181,221,222,222,199,193,195,195,191,190,190,184,186,191,191,204,208,208,198,202,200,200,206,210,221,221,228,239,239,241,241,242,242,242,242,242,242,242,245,245,246,246,247,247,247,249,249,244,243,242,242,249,243,244,244,241,241,241,241
64,90,90,77,75,75,84,102,105,105,121,142,135,135,155,179,179,190,193,194,194,171,156,166,166,142,132,132,125,145,160,160,169,165,165,171,167,163,163,167,168,163,163,163,148,148,115,127,145,145,143,120,120,120,119,97,97,76,62,68,68,74,81,81,88,95,104,104,119,136,122,122,112,110,110,111,115,122,122,124,126,126,129,132,136,136,142,147,151,151,156,164,164,178,214,222,222,179,179,191,191,173,175,175,173,177,186,186,215,188,188,180,180,175,175,177,192,221,221,209,217,217,227,238,238,238,241,241,241,241,242,244,244,245,246,246,246,245,249,249,243,245,249,249,249,249,241,241,244,241,241,240
64,90,90,77,75,75,84,102,105,105,121,142,135,135,155,179,179,190,193,194,194,171,156,166,166,142,132,132,125,145,160,160,169,165,165,171,167,163,163,167,168,163,163,163,148,148,115,127,145,145,143,120,120,120,119,97,97,76,62,68,68,74,81,81,88,95,104,104,119,136,122,122,112,110,110,111,115,122,122,124,126,126,129,132,136,136,142,147,151,151,156,164,164,178,214,222,222,179,179,191,191,173,175,175,173,177,186,186,215,188,188,180,180,175,175,177,192,221,221,209,217,217,227,238,238,238,241,241,241,241,242,244,244,245,246,246,246,245,249,249,243,245,249,249,249,249,241,241,244,241,241,240
71,86,86,120,74,74,72,97,117,117,115,102,118,118,135,177,177,191,194,138,138,140,132,151,151,125,95,95,113,136,145,145,152,153,153,157,158,158,158,151,153,134,134,114,118,118,123,117,126,126,139,104,104,104,102,94,94,81,73,74,74,81,88,88,98,110,117,117,132,121,105,105,104,102,102,104,109,112,112,115,117,117,120,124,129,129,134,139,147,147,179,214,214,215,212,220,220,185,168,170,170,171,174,174,179,188,206,206,204,177,177,171,172,175,175,175,196,192,192,192,203,203,221,220,223,223,230,240,240,240,241,244,244,243,244,245,245,246,249,249,243,245,249,249,249,249,249,249,243,243,243,243
111,133,133,127,114,114,106,85,131,131,152,111,114,114,140,187,187,192,178,146,146,111,107,133,133,91,83,83,112,98,107,107,119,125,125,137,147,147,147,131,131,128,128,111,104,104,108,118,125,125,133,129,129,106,120,105,105,92,86,93,93,96,94,94,112,119,134,134,134,108,94,94,91,91,91,96,101,105,105,108,111,111,114,117,121,121,126,132,140,140,194,212,212,216,202,209,209,186,169,167,167,174,175,175,183,187,180,180,187,175,175,171,172,177,177,179,174,177,177,182,200,200,204,209,215,215,221,238,238,240,242,242,242,242,244,245,245,247,248,248,247,242,249,249,249,249,248,248,242,243,243,245
111,133,133,127,114,114,106,85,131,131,152,111,114,114,140,187,187,192,178,146,146,111,107,133,133,91,83,83,112,98,107,107,119,125,125,137,147,147,147,131,131,128,128,111,104,104,108,118,125,125,133,129,129,106,120,105,105,92,86,93,93,96,94,94,112,119,134,134,134,108,94,94,91,91,91,96,101,105,105,108,111,111,114,117,121,121,126,132,140,140,194,212,212,216,202,209,209,186,169,167,167,174,175,175,183,187,180,180,187,175,175,171,172,177,177,179,174,177,177,182,200,200,204,209,215,215,221,238,238,240,242,242,242,242,244,245,245,247,248,248,247,242,249,249,249,249,248,248,242,243,243,245
172,176,176,177,179,179,180,181,184,184,185,184,188,188,190,190,190,188,135,115,115,108,91,94,94,89,71,71,95,100,94,94,71,106,106,119,124,133,133,119,92,85,85,85,96,96,107,123,116,116,121,129,129,121,121,104,104,90,95,101,101,109,113,113,114,125,119,119,113,102,82,82,79,82,82,89,90,94,94,100,104,104,111,120,123,123,127,138,175,175,179,212,212,178,169,170,170,186,166,159,159,163,168,168,172,175,172,172,172,172,172,174,177,184,184,192,182,172,172,172,176,176,183,198,237,237,237,238,238,239,241,242,242,243,241,243,243,244,248,248,247,247,243,243,244,249,242,242,242,245,245,245
82,91,91,118,131,131,166,182,183,183,185,187,188,188,188,181,181,173,152,127,127,85,70,70,70,67,62,62,69,66,56,56,60,82,82,107,98,99,99,125,89,71,71,91,108,108,111,105,112,112,119,119,119,116,102,100,100,88,93,105,105,107,111,111,114,115,108,108,108,91,75,75,73,76,76,78,81,86,86,93,106,106,124,140,148,148,154,161,203,203,209,197,197,165,164,154,154,160,168,156,156,157,160,160,164,166,168,168,170,172,172,175,180,184,184,191,198,194,194,181,174,174,175,203,237,237,237,237,237,238,239,240,240,241,242,243,243,244,246,246,248,246,247,247,244,244,245,245,244,244,244,244
73,80,80,87,95,95,118,123,129,129,172,184,186,186,174,167,167,162,128,103,103,67,63,75,75,74,63,63,47,44,45,45,44,59,59,92,81,95,95,104,103,78,78,81,87,87,87,97,104,104,109,113,113,117,93,84,84,82,86,90,90,96,99,99,103,106,103,103,99,89,70,70,71,73,73,77,80,83,83,99,122,122,142,158,171,171,183,192,164,164,155,152,152,142,142,144,144,147,153,154,154,153,155,155,157,161,163,163,168,173,173,180,187,191,191,201,208,212,212,200,184,184,184,211,235,235,235,235,235,236,238,240,240,240,241,242,242,242,244,244,248,248,246,246,247,247,247,247,247,247,247,245
73,80,80,87,95,95,118,123,129,129,172,184,186,186,174,167,167,162,128,103,103,67,63,75,75,74,63,63,47,44,45,45,44,59,59,92,81,95,95,104,103,78,78,81,87,87,87,97,104,104,109,113,113,117,93,84,84,82,86,90,90,96,99,99,103,106,103,103,99,89,70,70,71,73,73,77,80,83,83,99,122,122,142,158,171,171,183,192,164,164,155,152,152,142,142,144,144,147,153,154,154,153,155,155,157,161,163,163,168,173,173,180,187,191,191,201,208,212,212,200,184,184,184,211,235,235,235,235,235,236,238,240,240,240,241,242,242,242,244,244,248,248,246,246,247,247,247,247,247,247,247,245
71,79,79,86,92,92,114,138,154,154,154,183,180,180,169,156,156,154,134,71,71,68,69,86,86,74,58,58,51,54,60,60,57,49,49,55,56,61,61,77,83,62,62,55,61,61,80,92,100,100,111,118,118,118,90,75,75,77,81,89,89,97,94,94,101,115,116,116,111,102,83,83,69,76,76,91,99,96,96,105,127,127,149,162,167,167,177,202,191,191,146,126,126,130,132,137,137,142,145,147,147,147,150,150,153,157,161,161,164,173,173,184,193,206,206,209,205,208,208,218,215,215,209,220,234,234,234,222,222,226,232,234,234,237,239,241,241,243,243,243,243,248,248,248,247,247,246,246,246,245,245,244
72,82,82,88,95,95,104,102,105,105,135,181,161,161,132,145,145,135,156,121,121,99,114,75,75,59,53,53,55,64,70,70,82,81,81,71,57,44,44,37,49,41,41,46,73,73,89,92,101,101,109,103,103,111,105,92,92,86,91,101,101,106,101,101,96,108,125,125,126,116,100,100,82,90,90,108,134,136,136,132,131,131,160,173,179,179,181,201,200,200,174,134,134,125,128,130,130,134,139,142,142,143,145,145,149,152,156,156,163,171,171,181,197,190,190,188,209,204,204,210,221,221,215,221,233,233,233,218,218,218,220,223,223,215,206,214,214,239,242,242,242,244,248,248,248,247,247,247,246,246,246,246
70,74,74,79,88,88,93,100,115,115,160,177,135,135,128,120,120,108,117,130,130,141,109,91,91,78,72,72,76,94,89,89,80,63,63,54,47,37,37,36,39,36,36,36,57,57,75,85,97,97,96,100,100,107,105,103,103,106,108,109,109,107,101,101,96,102,115,115,138,134,121,121,108,107,107,113,128,154,154,156,145,145,151,166,175,175,192,200,198,198,187,161,161,134,129,128,128,132,140,145,145,148,151,151,152,152,155,155,161,176,176,174,180,185,185,181,188,187,187,196,206,206,217,225,218,218,232,213,213,212,210,207,207,199,184,186,186,200,219,219,240,242,244,244,243,246,248,248,248,248,248,248
70,74,74,79,88,88,93,100,115,115,160,177,135,135,128,120,120,108,117,130,130,141,109,91,91,78,72,72,76,94,89,89,80,63,63,54,47,37,37,36,39,36,36,36,57,57,75,85,97,97,96,100,100,107,105,103,103,106,108,109,109,107,101,101,96,102,115,115,138,134,121,121,108,107,107,113,128,154,154,156,145,145,151,166,175,175,192,200,198,198,187,161,161,134,129,128,128,132,140,145,145,148,151,151,152,152,155,155,161,176,176,174,180,185,185,181,188,187,187,196,206,206,217,225,218,218,232,213,213,212,210,207,207,199,184,186,186,200,219,219,240,242,244,244,243,246,248,248,248,248,248,248
67,70,70,77,87,87,96,108,116,116,147,137,116,116,123,102,102,97,91,99,99,107,111,115,115,117,113,113,103,75,69,69,63,58,58,47,42,35,35,40,49,36,36,33,60,60,69,73,80,80,87,100,100,97,98,101,101,106,111,121,121,118,118,118,110,128,142,142,150,152,144,144,137,124,124,120,129,146,146,163,160,160,161,171,189,189,180,199,194,194,169,147,147,135,126,132,132,136,145,156,156,157,165,165,168,168,160,160,182,178,178,168,173,178,178,181,184,178,178,186,196,196,210,224,229,229,232,212,212,208,206,200,200,184,173,166,166,178,182,182,192,202,217,217,239,243,243,243,243,243,243,243
69,75,75,81,87,87,100,113,136,136,148,167,149,149,109,90,90,71,71,81,81,82,83,94,94,63,66,66,62,59,59,59,52,53,53,54,57,49,49,54,46,31,31,27,30,30,40,56,78,78,88,78,78,79,87,93,93,102,112,117,117,124,117,117,128,133,135,135,133,138,152,152,158,139,139,130,131,141,141,153,164,164,170,169,162,162,160,197,174,174,167,135,135,120,124,135,135,145,146,141,141,146,153,153,152,158,165,165,160,158,158,160,165,169,169,175,180,179,179,183,191,191,203,216,230,230,230,229,229,203,208,199,199,176,166,169,169,172,174,174,183,192,218,218,205,217,241,241,243,243,243,242
69,75,75,81,87,87,100,113,136,136,148,167,149,149,109,90,90,71,71,81,81,82,83,94,94,63,66,66,62,59,59,59,52,53,53,54,57,49,49,54,46,31,31,27,30,30,40,56,78,78,88,78,78,79,87,93,93,102,112,117,117,124,117,117,128,133,135,135,133,138,152,152,158,139,139,130,131,141,141,153,164,164,170,169,162,162,160,197,174,174,167,135,135,120,124,135,135,145,146,141,141,146,153,153,152,158,165,165,160,158,158,160,165,169,169,175,180,179,179,183,191,191,203,216,230,230,230,229,229,203,208,199,199,176,166,169,169,172,174,174,183,192,218,218,205,217,241,241,243,243,243,242
63,74,74,80,89,89,92,96,106,106,112,150,166,166,104,78,78,72,61,65,65,71,65,59,59,58,70,70,73,62,50,50,53,69,69,66,68,72,72,60,42,28,28,22,30,30,47,51,69,69,44,49,49,65,75,88,88,100,103,114,114,118,110,110,103,102,109,109,118,133,145,145,156,162,162,143,140,145,145,147,154,154,155,153,147,147,162,196,139,139,137,125,125,123,125,129,129,137,145,126,126,134,145,145,142,145,156,156,152,153,153,156,161,172,172,171,172,175,175,180,188,188,197,213,226,226,229,221,221,202,201,196,196,175,166,170,170,171,175,175,178,183,197,197,190,194,192,192,215,239,239,241
57,61,61,69,74,74,87,84,91,91,141,120,118,118,106,108,108,94,107,97,97,92,69,60,60,65,78,78,67,58,67,67,65,78,78,85,73,54,54,43,48,28,28,22,30,30,37,45,58,58,42,41,41,50,78,75,75,86,100,105,105,110,109,109,98,84,90,90,97,121,136,136,149,159,159,169,166,167,167,169,148,148,145,151,158,158,169,194,176,176,114,117,117,122,129,133,133,129,127,120,120,123,134,134,134,137,145,145,146,150,150,156,167,162,162,164,164,171,171,179,189,189,199,211,216,216,226,207,207,202,186,188,188,178,174,170,170,172,174,174,178,187,183,183,182,182,185,185,196,221,221,213
51,56,56,58,70,70,69,66,86,86,144,137,105,105,147,144,144,143,138,130,130,96,87,83,83,120,104,104,62,60,76,76,89,85,85,76,66,50,50,34,32,26,26,19,22,22,29,36,52,52,30,39,39,47,49,56,56,73,85,87,87,95,104,104,110,106,92,92,89,102,124,124,142,142,142,153,165,172,172,176,157,157,152,155,179,179,192,190,178,178,147,108,108,116,123,120,120,125,114,113,113,117,122,122,126,131,135,135,141,150,150,157,153,155,155,158,165,171,171,177,183,183,189,199,219,219,206,209,209,209,193,193,193,191,187,176,176,173,174,174,173,174,177,177,179,183,197,197,210,219,219,208
51,56,56,58,70,70,69,66,86,86,144,137,105,105,147,144,144,143,138,130,130,96,87,83,83,120,104,104,62,60,76,76,89,85,85,76,66,50,50,34,32,26,26,19,22,22,29,36,52,52,30,39,39,47,49,56,56,73,85,87,87,95,104,104,110,106,92,92,89,102,124,124,142,142,142,153,165,172,172,176,157,157,152,155,179,179,192,190,178,178,147,108,108,116,123,120,120,125,114,113,113,117,122,122,126,131,135,135,141,150,150,157,153,155,155,158,165,171,171,177,183,183,189,199,219,219,206,209,209,209,193,193,193,191,187,176,176,173,174,174,173,174,177,177,179,183,197,197,210,219,219,208
44,48,48,51,55,55,56,59,77,77,161,158,137,137,102,111,111,101,118,114,114,105,127,121,121,117,85,85,74,83,95,95,84,71,71,60,52,40,40,26,19,16,16,9,12,12,20,32,51,51,24,27,27,33,47,50,50,52,72,91,91,99,109,109,111,113,118,118,115,98,109,109,126,142,142,158,162,163,163,175,178,178,158,164,190,190,190,185,176,176,158,127,127,113,115,111,111,116,127,109,109,110,116,116,123,127,138,138,145,153,153,143,143,147,147,153,162,177,177,178,184,184,186,204,224,224,221,220,220,205,206,200,200,189,183,180,180,177,172,172,171,171,179,179,186,201,189,189,191,189,189,192
42,43,43,42,43,43,47,54,67,67,97,155,149,149,102,93,93,95,116,102,102,97,87,92,92,110,113,113,108,107,104,104,74,58,58,49,43,40,40,33,19,5,5,0,5,5,12,21,30,30,25,25,25,42,63,72,72,80,89,95,95,98,101,101,104,109,119,119,133,119,114,114,129,156,156,151,150,157,157,167,178,178,180,185,188,188,186,179,173,173,167,147,147,119,107,106,106,106,110,112,112,107,114,114,125,124,126,126,133,129,129,132,135,142,142,151,154,158,158,164,172,172,200,207,222,222,216,220,220,203,198,196,196,185,180,174,174,172,170,170,169,175,175,175,182,186,195,195,178,180,180,182
42,43,43,42,43,43,47,54,67,67,97,155,149,149,102,93,93,95,116,102,102,97,87,92,92,110,113,113,108,107,104,104,74,58,58,49,43,40,40,33,19,5,5,1,5,5,12,21,30,30,25,25,25,42,63,72,72,80,89,95,95,98,101,101,104,109,119,119,133,119,114,114,129,156,156,151,150,157,157,167,178,178,180,185,188,188,186,179,173,173,167,147,147,119,107,106,106,106,110,112,112,107,114,114,125,124,126,126,133,129,129,132,135,142,142,151,154,158,158,164,172,172,200,207,222,222,216,220,220,203,198,196,196,185,180,174,174,172,170,170,169,175,175,175,182,186,195,195,178,180,180,182
45,41,41,35,30,30,35,52,66,66,63,98,94,94,90,87,87,95,92,85,85,78,73,76,76,83,94,94,95,108,96,96,84,60,60,53,50,58,58,43,23,8,8,5,7,7,9,13,21,21,21,27,27,36,43,54,54,62,79,88,88,92,91,91,99,107,112,112,117,129,139,139,150,135,135,135,143,153,153,163,174,174,185,186,185,185,178,174,174,174,156,148,148,139,115,100,100,102,106,116,116,107,109,109,113,115,121,121,121,122,122,125,133,144,144,144,147,154,154,162,180,180,174,183,180,180,189,220,220,198,195,190,190,179,178,166,166,165,166,166,166,168,170,170,174,179,185,185,181,181,181,183
42,38,38,32,28,28,29,44,52,52,55,84,87,87,88,107,107,103,114,125,125,88,74,68,68,70,82,82,87,84,93,93,95,74,74,65,63,53,53,41,31,23,23,17,18,18,12,8,11,11,15,21,21,29,37,57,57,74,62,65,65,83,94,94,97,108,117,117,119,122,125,125,123,122,122,135,150,163,163,170,172,172,184,184,174,174,167,165,163,163,162,151,151,129,122,104,104,102,108,105,105,104,106,106,107,111,116,116,120,118,118,122,136,132,132,138,144,153,153,162,163,163,169,174,171,171,181,218,218,218,199,186,186,175,171,168,168,165,167,167,169,170,171,171,175,179,183,183,188,183,183,189
40,33,33,29,22,22,25,35,40,40,51,80,92,92,108,72,72,74,92,102,102,95,88,78,78,69,71,71,76,82,84,84,100,86,86,78,73,58,58,48,44,36,36,29,29,29,12,5,10,10,20,33,33,36,43,48,48,56,63,69,69,71,97,97,111,110,114,114,124,130,135,135,131,130,130,131,145,155,155,164,169,169,182,182,166,166,158,144,152,152,151,136,136,141,117,105,105,103,105,102,102,101,104,104,106,110,121,121,117,118,118,120,120,127,127,135,145,146,146,151,155,155,163,169,164,164,176,184,184,211,216,188,188,178,178,173,173,175,181,181,187,187,182,182,183,183,183,183,181,183,183,187
40,33,33,29,22,22,25,35,40,40,51,80,92,92,108,72,72,74,92,102,102,95,88,78,78,69,71,71,76,82,84,84,100,86,86,78,73,58,58,48,44,36,36,29,29,29,12,5,10,10,20,33,33,36,43,48,48,56,63,69,69,71,97,97,111,110,114,114,124,130,135,135,131,130,130,131,145,155,155,164,169,169,182,182,166,166,158,144,152,152,151,136,136,141,117,105,105,103,105,102,102,101,104,104,106,110,121,121,117,118,118,120,120,127,127,135,145,146,146,151,155,155,163,169,164,164,176,184,184,211,216,188,188,178,178,173,173,175,181,181,187,187,182,182,183,183,183,183,181,183,183,187
40,31,31,23,18,18,21,31,42,42,64,75,86,86,80,70,70,64,65,76,76,109,109,81,81,66,65,65,65,67,73,73,83,98,98,86,72,60,60,57,50,44,44,39,26,26,10,7,14,14,18,22,22,33,43,60,60,73,87,98,98,101,105,105,117,120,115,115,118,125,137,137,149,140,140,131,143,155,155,162,168,168,181,168,155,155,153,136,136,136,141,115,115,126,122,111,111,103,103,102,102,101,102,102,104,107,111,111,116,121,121,122,122,125,125,132,136,139,139,143,155,155,158,154,157,157,164,171,171,181,191,214,214,181,177,183,183,190,194,194,195,196,196,196,194,192,185,185,180,181,181,184
33,27,27,16,21,21,26,27,38,38,57,70,86,86,94,62,62,58,60,81,81,77,90,107,107,85,67,67,63,56,68,68,76,85,85,97,82,68,68,56,55,53,53,44,31,31,22,15,21,21,17,17,17,40,61,76,76,85,92,101,101,114,128,128,131,135,132,132,130,133,134,134,144,157,157,151,151,167,167,173,176,176,178,161,148,148,139,129,131,131,135,109,109,114,112,102,102,101,101,99,99,97,97,97,100,104,109,109,112,112,112,114,117,121,121,125,130,133,133,156,148,148,142,146,152,152,158,165,165,194,214,197,197,194,160,181,181,189,194,194,196,198,198,198,198,197,192,192,188,190,190,197
27,23,23,17,23,23,30,36,39,39,50,71,78,78,87,61,61,54,58,56,56,57,71,94,94,100,76,76,66,55,62,62,68,82,82,96,82,73,73,63,65,56,56,49,42,42,34,29,17,17,3,15,15,50,64,74,74,69,79,95,95,114,118,118,128,135,142,142,146,150,156,156,159,163,163,165,166,169,169,165,165,165,174,173,140,140,135,123,125,125,122,106,106,107,108,99,99,101,99,92,92,92,93,93,94,100,102,102,106,109,109,110,112,116,116,122,133,153,153,136,136,136,138,149,158,158,163,185,185,210,176,172,172,184,176,174,174,180,185,185,192,197,199,199,199,200,201,201,201,200,200,193
27,23,23,17,23,23,30,36,39,39,50,71,78,78,87,61,61,54,58,56,56,57,71,94,94,100,76,76,66,55,62,62,68,82,82,96,82,73,73,63,65,56,56,49,42,42,34,29,17,17,3,15,15,50,64,74,74,69,79,95,95,114,118,118,128,135,142,142,146,150,156,156,159,163,163,165,166,169,169,165,165,165,174,173,140,140,135,123,125,125,122,106,106,107,108,99,99,101,99,92,92,92,93,93,94,100,102,102,106,109,109,110,112,116,116,122,133,153,153,136,136,136,138,149,158,158,163,185,185,210,176,172,172,184,176,174,174,180,185,185,192,197,199,199,199,200,201,201,201,200,200,193
29,24,24,17,22,22,33,41,50,50,60,72,84,84,74,64,64,50,47,49,49,58,73,93,93,79,66,66,62,58,58,58,64,77,77,86,92,86,86,74,57,55,55,52,48,48,44,41,28,28,15,15,15,26,41,64,64,80,98,111,111,100,107,107,111,124,129,129,135,138,145,145,150,152,152,154,155,155,155,153,157,157,165,173,171,171,146,122,118,118,106,106,106,118,111,105,105,108,97,78,78,80,86,86,89,94,103,103,106,106,106,106,111,117,117,133,139,125,125,126,136,136,146,158,159,159,167,195,195,191,208,166,166,168,179,162,162,167,178,178,185,193,196,196,198,197,195,195,193,188,188,182
31,22,22,17,23,23,33,43,53,53,75,87,75,75,68,58,58,48,46,55,55,66,80,104,104,66,54,54,62,63,58,58,55,70,70,83,91,91,91,78,60,58,58,55,53,53,52,49,40,40,31,22,22,9,22,41,41,79,88,97,97,86,99,99,103,102,124,124,120,128,136,136,133,135,135,144,143,135,135,140,149,149,160,167,172,172,132,124,107,107,104,120,120,136,127,127,127,112,103,94,94,74,81,81,87,93,95,95,104,113,113,126,124,136,136,128,117,118,118,124,129,129,134,141,150,150,156,168,168,170,201,155,155,157,166,162,162,160,165,165,177,185,191,191,194,191,189,189,186,178,178,175
31,22,22,17,23,23,33,43,53,53,75,87,75,75,68,58,58,48,46,55,55,66,80,104,104,66,54,54,62,63,58,58,55,70,70,83,91,91,91,78,60,58,58,55,53,53,52,49,40,40,31,22,22,9,22,41,41,79,88,97,97,86,99,99,103,102,124,124,120,128,136,136,133,135,135,144,143,135,135,140,149,149,160,167,172,172,132,124,107,107,104,120,120,136,127,127,127,112,103,94,94,74,81,81,87,93,95,95,104,113,113,126,124,136,136,128,117,118,118,124,129,129,134,141,150,150,156,168,168,170,201,155,155,157,166,162,162,160,165,165,177,185,191,191,194,191,189,189,186,178,178,175
30,23,23,20,23,23,28,41,68,68,76,67,50,50,49,50,50,45,49,62,62,77,76,84,84,108,70,70,71,61,52,52,52,68,68,78,82,87,87,85,78,68,68,55,54,54,56,56,50,50,42,33,33,24,25,32,32,43,81,85,85,80,83,83,93,99,96,96,108,117,124,124,115,126,126,134,121,121,121,132,143,143,155,163,169,169,142,105,109,109,115,133,133,120,107,113,113,109,89,84,84,80,76,76,83,89,88,88,104,103,103,109,112,114,114,114,116,122,122,125,124,124,122,137,139,139,141,177,177,170,203,170,170,148,152,153,153,151,156,156,167,176,183,183,188,188,188,188,180,173,173,183
